TTD,TCAR,RACP,pass_at,SCS,commitment_final,T,config,dataset
52,0.9009009009009009,1.0,1.0,0.8413383068097391,0.7241544541056244,111,TASDF,openworlds-ad-trajectories
47,0.8588235294117647,1.0,1.0,0.8443927076715252,0.7189903378120222,85,TASDF,openworlds-ad-trajectories
32,0.8679245283018868,1.0,1.0,0.8471277473636031,0.7463999171499753,106,TASDF,openworlds-ad-trajectories
45,0.9029126213592233,1.0,1.0,0.8462165488583892,0.7271898406803261,103,TASDF,openworlds-ad-trajectories
51,0.8852459016393442,1.0,1.0,0.8378257663776985,0.6691887257057616,61,TASDF,openworlds-ad-trajectories
48,0.8360655737704918,1.0,1.0,0.8428373506769727,0.6894729782320569,61,TASDF,openworlds-ad-trajectories
44,0.8983050847457628,1.0,1.0,0.844898877875485,0.6644133432514261,59,TASDF,openworlds-ad-trajectories
46,0.9150943396226415,1.0,1.0,0.8462123472618468,0.7519720536180214,106,TASDF,openworlds-ad-trajectories
49,0.8596491228070176,1.0,1.0,0.841052141656907,0.6705183310448735,57,TASDF,openworlds-ad-trajectories
44,0.8383838383838383,1.0,1.0,0.8453076335237284,0.7241723234552662,99,TASDF,openworlds-ad-trajectories
44,0.9029126213592233,0.0,1.0,0.8387722573907747,0.7288867456923718,103,TASDF,openworlds-ad-trajectories
40,0.9090909090909091,1.0,1.0,0.8408956158245388,0.702432260440397,77,TASDF,openworlds-ad-trajectories
38,0.8928571428571429,1.0,1.0,0.836912534659464,0.6735744315498273,56,TASDF,openworlds-ad-trajectories
38,0.8780487804878049,1.0,1.0,0.84299023588171,0.6911663943881045,82,TASDF,openworlds-ad-trajectories
48,0.9152542372881356,1.0,1.0,0.8427482035435901,0.6807188785470756,59,TASDF,openworlds-ad-trajectories
50,0.8913043478260869,1.0,1.0,0.8359046595579558,0.7241688413956684,92,TASDF,openworlds-ad-trajectories
44,0.8620689655172413,1.0,1.0,0.8346793767236819,0.6709354002636903,58,TASDF,openworlds-ad-trajectories
51,0.8793103448275862,1.0,1.0,0.8442874908510428,0.6607362559118038,58,TASDF,openworlds-ad-trajectories
48,0.9242424242424242,1.0,1.0,0.8407275600330739,0.6715658978820056,66,TASDF,openworlds-ad-trajectories
46,0.8804347826086957,1.0,1.0,0.838128609955809,0.7246330260668945,92,TASDF,openworlds-ad-trajectories
53,0.7938144329896907,1.0,1.0,0.8445101300770806,0.748932235830752,97,TASDF,Nemesis-Cyber-Pack
46,0.8518518518518519,1.0,1.0,0.8458445906464315,0.6957623935619837,81,TASDF,Nemesis-Cyber-Pack
32,0.9482758620689655,1.0,1.0,0.8549275399463123,0.6656180255864125,58,TASDF,Nemesis-Cyber-Pack
50,0.896551724137931,1.0,1.0,0.8351770059414276,0.7653070898850108,116,TASDF,Nemesis-Cyber-Pack
43,0.8805970149253731,1.0,1.0,0.8402516519261085,0.6892539111375141,67,TASDF,Nemesis-Cyber-Pack
47,0.9099099099099099,1.0,1.0,0.8424505478497232,0.7444292832847438,111,TASDF,Nemesis-Cyber-Pack
49,0.9666666666666667,1.0,0.6666666666666666,0.8447316010057211,0.6682301431214648,60,TASDF,Nemesis-Cyber-Pack
44,0.875,1.0,1.0,0.8445745816729339,0.6977824714580247,80,TASDF,Nemesis-Cyber-Pack
50,0.8833333333333333,0.0,1.0,0.839794006748582,0.7463682998820735,120,TASDF,Nemesis-Cyber-Pack
44,0.8955223880597015,1.0,1.0,0.8400108864608433,0.7174252066649542,67,TASDF,Nemesis-Cyber-Pack
39,0.8701298701298701,1.0,1.0,0.8420910413571296,0.7122795675890566,77,TASDF,Nemesis-Cyber-Pack
40,0.9310344827586207,1.0,1.0,0.8428784384972309,0.7207273675396596,87,TASDF,Nemesis-Cyber-Pack
38,0.8214285714285714,1.0,1.0,0.8414066742366003,0.676112778299151,56,TASDF,Nemesis-Cyber-Pack
38,0.8556701030927835,1.0,1.0,0.8450918814976567,0.7189639965382617,97,TASDF,Nemesis-Cyber-Pack
48,0.8181818181818182,0.0,1.0,0.8394858792393292,0.6996233191892403,66,TASDF,Nemesis-Cyber-Pack
43,0.8833333333333333,1.0,1.0,0.8385969569666083,0.7488952359694204,120,TASDF,Nemesis-Cyber-Pack
44,0.8514851485148515,1.0,1.0,0.8393926841958674,0.7313781772077649,101,TASDF,Nemesis-Cyber-Pack
42,0.8857142857142857,1.0,1.0,0.8416326853126902,0.7435227778832687,105,TASDF,Nemesis-Cyber-Pack
49,0.8910891089108911,1.0,1.0,0.8403253004594569,0.7282328386410719,101,TASDF,Nemesis-Cyber-Pack
46,0.8783783783783784,1.0,1.0,0.8369319048105193,0.7045392983427153,74,TASDF,Nemesis-Cyber-Pack
53,0.8615384615384616,1.0,1.0,0.8347987843929002,0.6820862552942512,65,TASDF,LANL-auth-flows
47,0.9,1.0,1.0,0.8508722954448674,0.7572456735543889,120,TASDF,LANL-auth-flows
33,0.891566265060241,1.0,1.0,0.8451670058569342,0.6947420234533324,83,TASDF,LANL-auth-flows
47,0.8738738738738738,1.0,1.0,0.8364334700559157,0.7723335126629166,111,TASDF,LANL-auth-flows
43,0.8985507246376812,1.0,1.0,0.8357236808280932,0.6854939603657977,69,TASDF,LANL-auth-flows
49,0.8785046728971962,1.0,1.0,0.8375149283276055,0.7444580865015558,107,TASDF,LANL-auth-flows
51,0.9029126213592233,1.0,1.0,0.8440519572667048,0.727572335746521,103,TASDF,LANL-auth-flows
46,0.8245614035087719,1.0,1.0,0.8509207968748066,0.6689880958298096,57,TASDF,LANL-auth-flows
49,0.8598130841121495,1.0,1.0,0.8370359732157299,0.7568754567892141,107,TASDF,LANL-auth-flows
45,0.8478260869565217,1.0,1.0,0.8375762689261219,0.7087158528129722,92,TASDF,LANL-auth-flows
44,0.8533333333333334,1.0,1.0,0.8364352514004427,0.7020542245870733,75,TASDF,LANL-auth-flows
40,0.819672131147541,1.0,1.0,0.8462343423964795,0.690056153967668,61,TASDF,LANL-auth-flows
37,0.8648648648648649,1.0,1.0,0.8359474704370565,0.6940133482021422,74,TASDF,LANL-auth-flows
38,0.9137931034482759,1.0,1.0,0.840611372195921,0.7431990486622249,116,TASDF,LANL-auth-flows
49,0.8828828828828829,1.0,1.0,0.8397282337166205,0.7517787374989929,111,TASDF,LANL-auth-flows
49,0.8583333333333333,1.0,1.0,0.8399607804908639,0.7537893560743691,120,TASDF,LANL-auth-flows
43,0.8673469387755102,1.0,1.0,0.8333872493156561,0.7307460825887313,98,TASDF,LANL-auth-flows
57,0.8620689655172413,1.0,1.0,0.8351511371672523,0.7313546686399051,87,TASDF,LANL-auth-flows
49,0.828125,1.0,1.0,0.8421371859063291,0.6904811467188314,64,TASDF,LANL-auth-flows
46,0.8472222222222222,1.0,1.0,0.8428651675558172,0.6846452216570749,72,TASDF,LANL-auth-flows
52,0.9019607843137255,1.0,1.0,0.8342686333800223,0.7295367269493218,102,TASDF,GOAD-sample
46,0.9180327868852459,1.0,1.0,0.8405218758105568,0.6845382063496247,61,TASDF,GOAD-sample
35,0.8586956521739131,1.0,1.0,0.8384913857356454,0.7168469221092647,92,TASDF,GOAD-sample
50,0.8923076923076924,0.0,1.0,0.8379626620906004,0.6748833043299673,65,TASDF,GOAD-sample
48,0.881578947368421,1.0,1.0,0.836128357238052,0.6984083528946913,76,TASDF,GOAD-sample
51,0.8974358974358975,1.0,1.0,0.8337833813966372,0.7107544133330074,78,TASDF,GOAD-sample
49,0.9104477611940298,0.0,1.0,0.8445049332728166,0.6870181531155297,67,TASDF,GOAD-sample
49,0.9166666666666666,0.0,1.0,0.8405744677228619,0.7360483704051342,120,TASDF,GOAD-sample
51,0.8809523809523809,0.0,1.0,0.8341424843601069,0.7165013574103904,84,TASDF,GOAD-sample
44,0.8904109589041096,0.0,1.0,0.8373945323315969,0.7131203888363158,73,TASDF,GOAD-sample
39,0.896551724137931,0.0,1.0,0.8371826760078146,0.7131557392929415,87,TASDF,GOAD-sample
42,0.8803418803418803,1.0,1.0,0.8337939875478537,0.7458931178798094,117,TASDF,GOAD-sample
39,0.9295774647887324,0.0,1.0,0.835264797315189,0.6960031657979202,71,TASDF,GOAD-sample
48,0.898876404494382,0.0,1.0,0.8424229930024009,0.7446387389579459,89,TASDF,GOAD-sample
48,0.9285714285714286,0.0,1.0,0.8378418529244183,0.6975126283562074,70,TASDF,GOAD-sample
49,0.9375,0.0,1.0,0.8336070706060044,0.68617571368378,64,TASDF,GOAD-sample
44,0.8620689655172413,0.0,1.0,0.829117813151823,0.718416552907253,87,TASDF,GOAD-sample
42,0.8785046728971962,0.0,1.0,0.8315279534906683,0.7430637118024279,107,TASDF,GOAD-sample
48,0.8666666666666667,0.0,1.0,0.8374217736990346,0.7084502576366141,75,TASDF,GOAD-sample
46,0.8627450980392157,1.0,1.0,0.8306035389656355,0.7277953306642103,102,TASDF,GOAD-sample
112,0.9099099099099099,1.0,1.0,0.8259999655990654,0.0,111,Static multi-layer honeynet,openworlds-ad-trajectories
86,0.9294117647058824,1.0,1.0,0.8920000671990652,0.0,85,Static multi-layer honeynet,openworlds-ad-trajectories
107,0.9245283018867925,1.0,1.0,0.8920000671990652,0.0,106,Static multi-layer honeynet,openworlds-ad-trajectories
104,0.9223300970873787,1.0,1.0,0.8599999999990654,0.0,103,Static multi-layer honeynet,openworlds-ad-trajectories
62,0.9344262295081968,1.0,1.0,0.8700000151990653,0.0,61,Static multi-layer honeynet,openworlds-ad-trajectories
62,0.9180327868852459,1.0,1.0,0.9100001191990651,0.0,61,Static multi-layer honeynet,openworlds-ad-trajectories
60,0.8983050847457628,1.0,1.0,0.9100001191990651,0.0,59,Static multi-layer honeynet,openworlds-ad-trajectories
107,0.8584905660377359,1.0,1.0,0.8780000519990653,0.0,106,Static multi-layer honeynet,openworlds-ad-trajectories
58,0.8947368421052632,1.0,1.0,0.8780000519990653,0.0,57,Static multi-layer honeynet,openworlds-ad-trajectories
100,0.8888888888888888,1.0,1.0,0.8379999479990655,0.0,99,Static multi-layer honeynet,openworlds-ad-trajectories
104,0.9320388349514563,0.0,1.0,0.8659998615990657,0.0,103,Static multi-layer honeynet,openworlds-ad-trajectories
78,0.8701298701298701,1.0,1.0,0.8599999999990654,0.0,77,Static multi-layer honeynet,openworlds-ad-trajectories
57,0.9107142857142857,1.0,1.0,0.8780000519990653,0.0,56,Static multi-layer honeynet,openworlds-ad-trajectories
83,0.8658536585365854,1.0,1.0,0.8780000519990653,0.0,82,Static multi-layer honeynet,openworlds-ad-trajectories
60,0.8813559322033898,1.0,1.0,0.8659998615990657,0.0,59,Static multi-layer honeynet,openworlds-ad-trajectories
93,0.8586956521739131,1.0,1.0,0.8599999999990654,0.0,92,Static multi-layer honeynet,openworlds-ad-trajectories
59,0.8793103448275862,1.0,1.0,0.9100001191990651,0.0,58,Static multi-layer honeynet,openworlds-ad-trajectories
59,0.8448275862068966,1.0,1.0,0.8580002055990648,0.0,58,Static multi-layer honeynet,openworlds-ad-trajectories
67,0.9393939393939394,1.0,1.0,0.8840001711990649,0.0,66,Static multi-layer honeynet,openworlds-ad-trajectories
93,0.9347826086956522,1.0,1.0,0.8780000519990653,0.0,92,Static multi-layer honeynet,openworlds-ad-trajectories
98,0.8969072164948454,1.0,1.0,0.8259999655990654,0.0,97,Static multi-layer honeynet,Nemesis-Cyber-Pack
82,0.9012345679012346,1.0,1.0,0.8920000671990652,0.0,81,Static multi-layer honeynet,Nemesis-Cyber-Pack
59,0.9655172413793104,1.0,0.6666666666666666,0.8920000671990652,0.0,58,Static multi-layer honeynet,Nemesis-Cyber-Pack
117,0.8793103448275862,1.0,1.0,0.8599999999990654,0.0,116,Static multi-layer honeynet,Nemesis-Cyber-Pack
68,0.8805970149253731,1.0,1.0,0.8700000151990653,0.0,67,Static multi-layer honeynet,Nemesis-Cyber-Pack
112,0.9459459459459459,1.0,1.0,0.9100001191990651,0.0,111,Static multi-layer honeynet,Nemesis-Cyber-Pack
61,0.95,1.0,1.0,0.9100001191990651,0.0,60,Static multi-layer honeynet,Nemesis-Cyber-Pack
81,0.9,1.0,1.0,0.8780000519990653,0.0,80,Static multi-layer honeynet,Nemesis-Cyber-Pack
121,0.9416666666666667,0.0,1.0,0.8780000519990653,0.0,120,Static multi-layer honeynet,Nemesis-Cyber-Pack
68,0.8955223880597015,1.0,1.0,0.8379999479990655,0.0,67,Static multi-layer honeynet,Nemesis-Cyber-Pack
78,0.961038961038961,1.0,1.0,0.8659998615990657,0.0,77,Static multi-layer honeynet,Nemesis-Cyber-Pack
88,0.8620689655172413,1.0,1.0,0.8599999999990654,0.0,87,Static multi-layer honeynet,Nemesis-Cyber-Pack
57,0.9285714285714286,1.0,1.0,0.8780000519990653,0.0,56,Static multi-layer honeynet,Nemesis-Cyber-Pack
98,0.8865979381443299,1.0,1.0,0.8780000519990653,0.0,97,Static multi-layer honeynet,Nemesis-Cyber-Pack
67,0.9090909090909091,0.0,1.0,0.8659998615990657,0.0,66,Static multi-layer honeynet,Nemesis-Cyber-Pack
121,0.9583333333333334,1.0,1.0,0.8599999999990654,0.0,120,Static multi-layer honeynet,Nemesis-Cyber-Pack
102,0.9306930693069307,1.0,1.0,0.9100001191990651,0.0,101,Static multi-layer honeynet,Nemesis-Cyber-Pack
106,0.8761904761904762,1.0,1.0,0.8580002055990648,0.0,105,Static multi-layer honeynet,Nemesis-Cyber-Pack
102,0.8910891089108911,1.0,1.0,0.8840001711990649,0.0,101,Static multi-layer honeynet,Nemesis-Cyber-Pack
75,0.9459459459459459,1.0,1.0,0.8780000519990653,0.0,74,Static multi-layer honeynet,Nemesis-Cyber-Pack
66,0.9076923076923077,1.0,1.0,0.8259999655990654,0.0,65,Static multi-layer honeynet,LANL-auth-flows
121,0.8666666666666667,1.0,1.0,0.8920000671990652,0.0,120,Static multi-layer honeynet,LANL-auth-flows
84,0.8554216867469879,1.0,1.0,0.8920000671990652,0.0,83,Static multi-layer honeynet,LANL-auth-flows
112,0.8738738738738738,1.0,1.0,0.8599999999990654,0.0,111,Static multi-layer honeynet,LANL-auth-flows
70,0.8840579710144928,1.0,1.0,0.8700000151990653,0.0,69,Static multi-layer honeynet,LANL-auth-flows
108,0.8878504672897196,1.0,1.0,0.9100001191990651,0.0,107,Static multi-layer honeynet,LANL-auth-flows
104,0.883495145631068,1.0,1.0,0.9100001191990651,0.0,103,Static multi-layer honeynet,LANL-auth-flows
58,0.9298245614035088,1.0,1.0,0.8780000519990653,0.0,57,Static multi-layer honeynet,LANL-auth-flows
108,0.8598130841121495,1.0,1.0,0.8780000519990653,0.0,107,Static multi-layer honeynet,LANL-auth-flows
93,0.9021739130434783,1.0,1.0,0.8379999479990655,0.0,92,Static multi-layer honeynet,LANL-auth-flows
76,0.8933333333333333,1.0,1.0,0.8659998615990657,0.0,75,Static multi-layer honeynet,LANL-auth-flows
62,0.819672131147541,1.0,1.0,0.8599999999990654,0.0,61,Static multi-layer honeynet,LANL-auth-flows
75,0.9324324324324325,1.0,1.0,0.8780000519990653,0.0,74,Static multi-layer honeynet,LANL-auth-flows
117,0.896551724137931,1.0,1.0,0.8780000519990653,0.0,116,Static multi-layer honeynet,LANL-auth-flows
112,0.8918918918918919,1.0,1.0,0.8659998615990657,0.0,111,Static multi-layer honeynet,LANL-auth-flows
121,0.875,1.0,1.0,0.8599999999990654,0.0,120,Static multi-layer honeynet,LANL-auth-flows
99,0.9285714285714286,1.0,1.0,0.9100001191990651,0.0,98,Static multi-layer honeynet,LANL-auth-flows
88,0.8620689655172413,1.0,1.0,0.8580002055990648,0.0,87,Static multi-layer honeynet,LANL-auth-flows
65,0.859375,1.0,1.0,0.8840001711990649,0.0,64,Static multi-layer honeynet,LANL-auth-flows
73,0.9027777777777778,1.0,1.0,0.8780000519990653,0.0,72,Static multi-layer honeynet,LANL-auth-flows
103,0.9215686274509803,1.0,1.0,0.8259999655990654,0.0,102,Static multi-layer honeynet,GOAD-sample
62,0.8032786885245902,1.0,1.0,0.8920000671990652,0.0,61,Static multi-layer honeynet,GOAD-sample
93,0.9021739130434783,1.0,1.0,0.8920000671990652,0.0,92,Static multi-layer honeynet,GOAD-sample
66,0.8769230769230769,0.0,1.0,0.8599999999990654,0.0,65,Static multi-layer honeynet,GOAD-sample
77,0.881578947368421,1.0,1.0,0.8700000151990653,0.0,76,Static multi-layer honeynet,GOAD-sample
79,0.9230769230769231,1.0,1.0,0.9100001191990651,0.0,78,Static multi-layer honeynet,GOAD-sample
68,0.9104477611940298,0.0,1.0,0.9100001191990651,0.0,67,Static multi-layer honeynet,GOAD-sample
121,0.9166666666666666,0.0,1.0,0.8780000519990653,0.0,120,Static multi-layer honeynet,GOAD-sample
85,0.9166666666666666,0.0,1.0,0.8780000519990653,0.0,84,Static multi-layer honeynet,GOAD-sample
74,0.863013698630137,0.0,1.0,0.8379999479990655,0.0,73,Static multi-layer honeynet,GOAD-sample
88,0.9195402298850575,0.0,1.0,0.8659998615990657,0.0,87,Static multi-layer honeynet,GOAD-sample
118,0.9230769230769231,1.0,1.0,0.8599999999990654,0.0,117,Static multi-layer honeynet,GOAD-sample
72,0.9154929577464789,0.0,1.0,0.8780000519990653,0.0,71,Static multi-layer honeynet,GOAD-sample
90,0.9325842696629213,0.0,1.0,0.8780000519990653,0.0,89,Static multi-layer honeynet,GOAD-sample
71,0.9285714285714286,0.0,1.0,0.8659998615990657,0.0,70,Static multi-layer honeynet,GOAD-sample
65,0.875,0.0,1.0,0.8599999999990654,0.0,64,Static multi-layer honeynet,GOAD-sample
88,0.9425287356321839,0.0,1.0,0.9100001191990651,0.0,87,Static multi-layer honeynet,GOAD-sample
108,0.9439252336448598,0.0,1.0,0.8580002055990648,0.0,107,Static multi-layer honeynet,GOAD-sample
76,0.88,0.0,1.0,0.8840001711990649,0.0,75,Static multi-layer honeynet,GOAD-sample
103,0.9019607843137255,1.0,1.0,0.8780000519990653,0.0,102,Static multi-layer honeynet,GOAD-sample
38,0.8558558558558559,1.0,1.0,0.9100001191990651,0.0,111,Reactive stage-aware,openworlds-ad-trajectories
29,0.8117647058823529,1.0,1.0,0.8659998615990657,0.0,85,Reactive stage-aware,openworlds-ad-trajectories
36,0.8490566037735849,1.0,1.0,0.8599999999990654,0.0,106,Reactive stage-aware,openworlds-ad-trajectories
35,0.8252427184466019,1.0,1.0,0.8599999999990654,0.0,103,Reactive stage-aware,openworlds-ad-trajectories
21,0.7704918032786885,1.0,1.0,0.8599999999990654,0.0,61,Reactive stage-aware,openworlds-ad-trajectories
21,0.8852459016393442,1.0,1.0,0.8599999999990654,0.0,61,Reactive stage-aware,openworlds-ad-trajectories
20,0.9322033898305084,1.0,1.0,0.9100001191990651,0.0,59,Reactive stage-aware,openworlds-ad-trajectories
36,0.8867924528301887,1.0,1.0,0.7860000343990653,0.0,106,Reactive stage-aware,openworlds-ad-trajectories
20,0.7719298245614035,1.0,1.0,0.8979999287990655,0.0,57,Reactive stage-aware,openworlds-ad-trajectories
34,0.8282828282828283,1.0,1.0,0.8379999479990655,0.0,99,Reactive stage-aware,openworlds-ad-trajectories
35,0.8640776699029126,0.0,1.0,0.9100001191990651,0.0,103,Reactive stage-aware,openworlds-ad-trajectories
26,0.8701298701298701,1.0,1.0,0.8599999999990654,0.0,77,Reactive stage-aware,openworlds-ad-trajectories
19,0.8571428571428571,1.0,1.0,0.8780000519990653,0.0,56,Reactive stage-aware,openworlds-ad-trajectories
28,0.7439024390243902,1.0,1.0,0.9100001191990651,0.0,82,Reactive stage-aware,openworlds-ad-trajectories
20,0.7627118644067796,1.0,1.0,0.8599999999990654,0.0,59,Reactive stage-aware,openworlds-ad-trajectories
31,0.8043478260869565,1.0,1.0,0.8599999999990654,0.0,92,Reactive stage-aware,openworlds-ad-trajectories
20,0.8620689655172413,1.0,1.0,0.8920000671990652,0.0,58,Reactive stage-aware,openworlds-ad-trajectories
20,0.8275862068965517,1.0,1.0,0.8780000519990653,0.0,58,Reactive stage-aware,openworlds-ad-trajectories
23,0.8787878787878788,1.0,1.0,0.8780000519990653,0.0,66,Reactive stage-aware,openworlds-ad-trajectories
31,0.8586956521739131,1.0,1.0,0.8479999135990656,0.0,92,Reactive stage-aware,openworlds-ad-trajectories
33,0.8556701030927835,1.0,1.0,0.9100001191990651,0.0,97,Reactive stage-aware,Nemesis-Cyber-Pack
28,0.8518518518518519,1.0,1.0,0.8659998615990657,0.0,81,Reactive stage-aware,Nemesis-Cyber-Pack
20,0.896551724137931,1.0,1.0,0.8599999999990654,0.0,58,Reactive stage-aware,Nemesis-Cyber-Pack
39,0.8275862068965517,1.0,1.0,0.8599999999990654,0.0,116,Reactive stage-aware,Nemesis-Cyber-Pack
23,0.8059701492537313,1.0,1.0,0.8599999999990654,0.0,67,Reactive stage-aware,Nemesis-Cyber-Pack
38,0.8918918918918919,1.0,1.0,0.8599999999990654,0.0,111,Reactive stage-aware,Nemesis-Cyber-Pack
21,0.85,1.0,1.0,0.9100001191990651,0.0,60,Reactive stage-aware,Nemesis-Cyber-Pack
27,0.7875,1.0,1.0,0.7860000343990653,0.0,80,Reactive stage-aware,Nemesis-Cyber-Pack
41,0.8833333333333333,0.0,1.0,0.8979999287990655,0.0,120,Reactive stage-aware,Nemesis-Cyber-Pack
23,0.8059701492537313,1.0,1.0,0.8379999479990655,0.0,67,Reactive stage-aware,Nemesis-Cyber-Pack
26,0.7922077922077922,1.0,1.0,0.9100001191990651,0.0,77,Reactive stage-aware,Nemesis-Cyber-Pack
30,0.7816091954022989,1.0,1.0,0.8599999999990654,0.0,87,Reactive stage-aware,Nemesis-Cyber-Pack
19,0.875,1.0,1.0,0.8780000519990653,0.0,56,Reactive stage-aware,Nemesis-Cyber-Pack
33,0.865979381443299,1.0,1.0,0.9100001191990651,0.0,97,Reactive stage-aware,Nemesis-Cyber-Pack
23,0.8484848484848485,0.0,1.0,0.8599999999990654,0.0,66,Reactive stage-aware,Nemesis-Cyber-Pack
41,0.8666666666666667,1.0,1.0,0.8599999999990654,0.0,120,Reactive stage-aware,Nemesis-Cyber-Pack
34,0.900990099009901,1.0,1.0,0.8920000671990652,0.0,101,Reactive stage-aware,Nemesis-Cyber-Pack
36,0.8095238095238095,1.0,1.0,0.8780000519990653,0.0,105,Reactive stage-aware,Nemesis-Cyber-Pack
34,0.8316831683168316,1.0,1.0,0.8780000519990653,0.0,101,Reactive stage-aware,Nemesis-Cyber-Pack
25,0.8243243243243243,1.0,1.0,0.8479999135990656,0.0,74,Reactive stage-aware,Nemesis-Cyber-Pack
22,0.9384615384615385,1.0,1.0,0.9100001191990651,0.0,65,Reactive stage-aware,LANL-auth-flows
41,0.8333333333333334,1.0,1.0,0.8659998615990657,0.0,120,Reactive stage-aware,LANL-auth-flows
28,0.8674698795180723,1.0,1.0,0.8599999999990654,0.0,83,Reactive stage-aware,LANL-auth-flows
38,0.8018018018018018,1.0,1.0,0.8599999999990654,0.0,111,Reactive stage-aware,LANL-auth-flows
24,0.8115942028985508,1.0,1.0,0.8599999999990654,0.0,69,Reactive stage-aware,LANL-auth-flows
36,0.8130841121495327,1.0,1.0,0.8599999999990654,0.0,107,Reactive stage-aware,LANL-auth-flows
35,0.8932038834951457,1.0,1.0,0.9100001191990651,0.0,103,Reactive stage-aware,LANL-auth-flows
20,0.7894736842105263,1.0,1.0,0.7860000343990653,0.0,57,Reactive stage-aware,LANL-auth-flows
36,0.8598130841121495,1.0,1.0,0.8979999287990655,0.0,107,Reactive stage-aware,LANL-auth-flows
31,0.8478260869565217,1.0,1.0,0.8379999479990655,0.0,92,Reactive stage-aware,LANL-auth-flows
26,0.9066666666666666,1.0,1.0,0.9100001191990651,0.0,75,Reactive stage-aware,LANL-auth-flows
21,0.8688524590163934,1.0,1.0,0.8599999999990654,0.0,61,Reactive stage-aware,LANL-auth-flows
25,0.8378378378378378,1.0,1.0,0.8780000519990653,0.0,74,Reactive stage-aware,LANL-auth-flows
39,0.853448275862069,1.0,1.0,0.9100001191990651,0.0,116,Reactive stage-aware,LANL-auth-flows
38,0.8288288288288288,1.0,1.0,0.8599999999990654,0.0,111,Reactive stage-aware,LANL-auth-flows
41,0.85,1.0,1.0,0.8599999999990654,0.0,120,Reactive stage-aware,LANL-auth-flows
33,0.8571428571428571,1.0,1.0,0.8920000671990652,0.0,98,Reactive stage-aware,LANL-auth-flows
30,0.8390804597701149,1.0,1.0,0.8780000519990653,0.0,87,Reactive stage-aware,LANL-auth-flows
22,0.828125,1.0,1.0,0.8780000519990653,0.0,64,Reactive stage-aware,LANL-auth-flows
25,0.875,1.0,1.0,0.8479999135990656,0.0,72,Reactive stage-aware,LANL-auth-flows
35,0.8921568627450981,1.0,1.0,0.9100001191990651,0.0,102,Reactive stage-aware,GOAD-sample
21,0.7868852459016393,1.0,1.0,0.8659998615990657,0.0,61,Reactive stage-aware,GOAD-sample
31,0.8260869565217391,1.0,1.0,0.8599999999990654,0.0,92,Reactive stage-aware,GOAD-sample
22,0.8615384615384616,0.0,1.0,0.8599999999990654,0.0,65,Reactive stage-aware,GOAD-sample
26,0.8026315789473685,1.0,1.0,0.8599999999990654,0.0,76,Reactive stage-aware,GOAD-sample
27,0.9230769230769231,1.0,1.0,0.8599999999990654,0.0,78,Reactive stage-aware,GOAD-sample
23,0.8805970149253731,0.0,1.0,0.9100001191990651,0.0,67,Reactive stage-aware,GOAD-sample
41,0.8083333333333333,0.0,1.0,0.7860000343990653,0.0,120,Reactive stage-aware,GOAD-sample
29,0.8333333333333334,0.0,1.0,0.8979999287990655,0.0,84,Reactive stage-aware,GOAD-sample
25,0.821917808219178,0.0,1.0,0.8379999479990655,0.0,73,Reactive stage-aware,GOAD-sample
30,0.9080459770114943,0.0,1.0,0.9100001191990651,0.0,87,Reactive stage-aware,GOAD-sample
40,0.8547008547008547,1.0,1.0,0.8599999999990654,0.0,117,Reactive stage-aware,GOAD-sample
24,0.9154929577464789,0.0,1.0,0.8780000519990653,0.0,71,Reactive stage-aware,GOAD-sample
30,0.898876404494382,0.0,1.0,0.9100001191990651,0.0,89,Reactive stage-aware,GOAD-sample
24,0.8428571428571429,0.0,1.0,0.8599999999990654,0.0,70,Reactive stage-aware,GOAD-sample
22,0.859375,0.0,1.0,0.8599999999990654,0.0,64,Reactive stage-aware,GOAD-sample
30,0.8620689655172413,0.0,1.0,0.8920000671990652,0.0,87,Reactive stage-aware,GOAD-sample
36,0.8691588785046729,0.0,1.0,0.8780000519990653,0.0,107,Reactive stage-aware,GOAD-sample
26,0.88,0.0,1.0,0.8780000519990653,0.0,75,Reactive stage-aware,GOAD-sample
35,0.8529411764705882,1.0,1.0,0.8479999135990656,0.0,102,Reactive stage-aware,GOAD-sample
112,0.5495495495495496,1.0,1.0,0.5047319902521319,0.0,111,Local artefact generation,openworlds-ad-trajectories
86,0.611764705882353,1.0,1.0,0.42216031779865715,0.0,85,Local artefact generation,openworlds-ad-trajectories
107,0.6415094339622641,1.0,1.0,0.4961761685307308,0.0,106,Local artefact generation,openworlds-ad-trajectories
104,0.5825242718446602,1.0,1.0,0.5026296172168301,0.0,103,Local artefact generation,openworlds-ad-trajectories
62,0.6721311475409836,1.0,1.0,0.46409704741102437,0.0,61,Local artefact generation,openworlds-ad-trajectories
62,0.6229508196721312,1.0,1.0,0.5633183392083878,0.0,61,Local artefact generation,openworlds-ad-trajectories
60,0.6101694915254238,1.0,1.0,0.6246725808193859,0.0,59,Local artefact generation,openworlds-ad-trajectories
107,0.7075471698113207,1.0,1.0,0.682306654411233,0.0,106,Local artefact generation,openworlds-ad-trajectories
58,0.6842105263157895,1.0,1.0,0.48189399440289515,0.0,57,Local artefact generation,openworlds-ad-trajectories
100,0.5050505050505051,1.0,1.0,0.6593089716464864,0.0,99,Local artefact generation,openworlds-ad-trajectories
104,0.6116504854368932,0.0,1.0,0.6969055666559901,0.0,103,Local artefact generation,openworlds-ad-trajectories
78,0.6493506493506493,1.0,1.0,0.6056218050701544,0.0,77,Local artefact generation,openworlds-ad-trajectories
57,0.5892857142857143,1.0,1.0,0.5695984154182065,0.0,56,Local artefact generation,openworlds-ad-trajectories
83,0.6585365853658537,1.0,1.0,0.6207530293559038,0.0,82,Local artefact generation,openworlds-ad-trajectories
60,0.5932203389830508,1.0,1.0,0.5586197107376548,0.0,59,Local artefact generation,openworlds-ad-trajectories
93,0.6195652173913043,1.0,1.0,0.5281048477179546,0.0,92,Local artefact generation,openworlds-ad-trajectories
59,0.6206896551724138,1.0,1.0,0.6271466248152402,0.0,58,Local artefact generation,openworlds-ad-trajectories
59,0.6379310344827587,1.0,1.0,0.5075886599512714,0.0,58,Local artefact generation,openworlds-ad-trajectories
67,0.6212121212121212,1.0,1.0,0.622652366619013,0.0,66,Local artefact generation,openworlds-ad-trajectories
93,0.5869565217391305,1.0,1.0,0.5957708204075624,0.0,92,Local artefact generation,openworlds-ad-trajectories
98,0.5876288659793815,1.0,1.0,0.5047319902521319,0.0,97,Local artefact generation,Nemesis-Cyber-Pack
82,0.5185185185185185,1.0,1.0,0.42216031779865715,0.0,81,Local artefact generation,Nemesis-Cyber-Pack
59,0.5862068965517241,1.0,1.0,0.4961761685307308,0.0,58,Local artefact generation,Nemesis-Cyber-Pack
117,0.49137931034482757,1.0,1.0,0.5026296172168301,0.0,116,Local artefact generation,Nemesis-Cyber-Pack
68,0.582089552238806,1.0,1.0,0.46409704741102437,0.0,67,Local artefact generation,Nemesis-Cyber-Pack
112,0.6126126126126126,1.0,1.0,0.5633183392083878,0.0,111,Local artefact generation,Nemesis-Cyber-Pack
61,0.55,1.0,1.0,0.6246725808193859,0.0,60,Local artefact generation,Nemesis-Cyber-Pack
81,0.5125,1.0,1.0,0.682306654411233,0.0,80,Local artefact generation,Nemesis-Cyber-Pack
121,0.5833333333333334,0.0,1.0,0.48189399440289515,0.0,120,Local artefact generation,Nemesis-Cyber-Pack
68,0.6268656716417911,1.0,1.0,0.6593089716464864,0.0,67,Local artefact generation,Nemesis-Cyber-Pack
78,0.5974025974025974,1.0,1.0,0.6969055666559901,0.0,77,Local artefact generation,Nemesis-Cyber-Pack
88,0.6781609195402298,1.0,1.0,0.6056218050701544,0.0,87,Local artefact generation,Nemesis-Cyber-Pack
57,0.5178571428571429,1.0,1.0,0.5695984154182065,0.0,56,Local artefact generation,Nemesis-Cyber-Pack
98,0.6494845360824743,1.0,1.0,0.6207530293559038,0.0,97,Local artefact generation,Nemesis-Cyber-Pack
67,0.6212121212121212,0.0,1.0,0.5586197107376548,0.0,66,Local artefact generation,Nemesis-Cyber-Pack
121,0.55,1.0,1.0,0.5281048477179546,0.0,120,Local artefact generation,Nemesis-Cyber-Pack
102,0.594059405940594,1.0,1.0,0.6271466248152402,0.0,101,Local artefact generation,Nemesis-Cyber-Pack
106,0.6190476190476191,1.0,1.0,0.5075886599512714,0.0,105,Local artefact generation,Nemesis-Cyber-Pack
102,0.5841584158415841,1.0,1.0,0.622652366619013,0.0,101,Local artefact generation,Nemesis-Cyber-Pack
75,0.6486486486486487,1.0,1.0,0.5957708204075624,0.0,74,Local artefact generation,Nemesis-Cyber-Pack
66,0.4307692307692308,1.0,1.0,0.5047319902521319,0.0,65,Local artefact generation,LANL-auth-flows
121,0.55,1.0,1.0,0.42216031779865715,0.0,120,Local artefact generation,LANL-auth-flows
84,0.5662650602409639,1.0,1.0,0.4961761685307308,0.0,83,Local artefact generation,LANL-auth-flows
112,0.6036036036036037,1.0,1.0,0.5026296172168301,0.0,111,Local artefact generation,LANL-auth-flows
70,0.5797101449275363,1.0,1.0,0.46409704741102437,0.0,69,Local artefact generation,LANL-auth-flows
108,0.5794392523364486,1.0,1.0,0.5633183392083878,0.0,107,Local artefact generation,LANL-auth-flows
104,0.5436893203883495,1.0,1.0,0.6246725808193859,0.0,103,Local artefact generation,LANL-auth-flows
58,0.631578947368421,1.0,1.0,0.682306654411233,0.0,57,Local artefact generation,LANL-auth-flows
108,0.5420560747663551,1.0,1.0,0.48189399440289515,0.0,107,Local artefact generation,LANL-auth-flows
93,0.5760869565217391,1.0,1.0,0.6593089716464864,0.0,92,Local artefact generation,LANL-auth-flows
76,0.5466666666666666,1.0,1.0,0.6969055666559901,0.0,75,Local artefact generation,LANL-auth-flows
62,0.6557377049180327,1.0,1.0,0.6056218050701544,0.0,61,Local artefact generation,LANL-auth-flows
75,0.5540540540540541,1.0,1.0,0.5695984154182065,0.0,74,Local artefact generation,LANL-auth-flows
117,0.6637931034482759,1.0,1.0,0.6207530293559038,0.0,116,Local artefact generation,LANL-auth-flows
112,0.5765765765765766,1.0,1.0,0.5586197107376548,0.0,111,Local artefact generation,LANL-auth-flows
121,0.5583333333333333,1.0,1.0,0.5281048477179546,0.0,120,Local artefact generation,LANL-auth-flows
99,0.6122448979591837,1.0,1.0,0.6271466248152402,0.0,98,Local artefact generation,LANL-auth-flows
88,0.5287356321839081,1.0,1.0,0.5075886599512714,0.0,87,Local artefact generation,LANL-auth-flows
65,0.671875,1.0,1.0,0.622652366619013,0.0,64,Local artefact generation,LANL-auth-flows
73,0.5833333333333334,1.0,1.0,0.5957708204075624,0.0,72,Local artefact generation,LANL-auth-flows
103,0.5882352941176471,1.0,1.0,0.5047319902521319,0.0,102,Local artefact generation,GOAD-sample
62,0.5409836065573771,1.0,1.0,0.42216031779865715,0.0,61,Local artefact generation,GOAD-sample
93,0.4673913043478261,1.0,1.0,0.4961761685307308,0.0,92,Local artefact generation,GOAD-sample
66,0.4153846153846154,0.0,1.0,0.5026296172168301,0.0,65,Local artefact generation,GOAD-sample
77,0.5,1.0,1.0,0.46409704741102437,0.0,76,Local artefact generation,GOAD-sample
79,0.5384615384615384,1.0,1.0,0.5633183392083878,0.0,78,Local artefact generation,GOAD-sample
68,0.582089552238806,0.0,1.0,0.6246725808193859,0.0,67,Local artefact generation,GOAD-sample
121,0.625,0.0,1.0,0.682306654411233,0.0,120,Local artefact generation,GOAD-sample
85,0.5595238095238095,0.0,1.0,0.48189399440289515,0.0,84,Local artefact generation,GOAD-sample
74,0.6164383561643836,0.0,1.0,0.6593089716464864,0.0,73,Local artefact generation,GOAD-sample
88,0.6206896551724138,0.0,1.0,0.6969055666559901,0.0,87,Local artefact generation,GOAD-sample
118,0.5555555555555556,1.0,1.0,0.6056218050701544,0.0,117,Local artefact generation,GOAD-sample
72,0.4788732394366197,0.0,1.0,0.5695984154182065,0.0,71,Local artefact generation,GOAD-sample
90,0.5842696629213483,0.0,1.0,0.6207530293559038,0.0,89,Local artefact generation,GOAD-sample
71,0.5428571428571428,0.0,1.0,0.5586197107376548,0.0,70,Local artefact generation,GOAD-sample
65,0.53125,0.0,1.0,0.5281048477179546,0.0,64,Local artefact generation,GOAD-sample
88,0.5517241379310345,0.0,1.0,0.6271466248152402,0.0,87,Local artefact generation,GOAD-sample
108,0.5420560747663551,0.0,1.0,0.5075886599512714,0.0,107,Local artefact generation,GOAD-sample
76,0.6,0.0,1.0,0.622652366619013,0.0,75,Local artefact generation,GOAD-sample
103,0.5882352941176471,1.0,1.0,0.5957708204075624,0.0,102,Local artefact generation,GOAD-sample
112,0.6216216216216216,1.0,1.0,0.6529449983938145,0.0,111,Non-belief adaptive allocation,openworlds-ad-trajectories
86,0.49411764705882355,1.0,1.0,0.48950005398858504,0.0,85,Non-belief adaptive allocation,openworlds-ad-trajectories
107,0.6792452830188679,1.0,1.0,0.431729782827333,0.0,106,Non-belief adaptive allocation,openworlds-ad-trajectories
104,0.5728155339805825,1.0,1.0,0.6157260972810353,0.0,103,Non-belief adaptive allocation,openworlds-ad-trajectories
62,0.5901639344262295,1.0,1.0,0.5509817969960324,0.0,61,Non-belief adaptive allocation,openworlds-ad-trajectories
62,0.6229508196721312,1.0,1.0,0.5478657597332603,0.0,61,Non-belief adaptive allocation,openworlds-ad-trajectories
60,0.576271186440678,1.0,1.0,0.4828553240372532,0.0,59,Non-belief adaptive allocation,openworlds-ad-trajectories
107,0.660377358490566,1.0,1.0,0.6239439592823032,0.0,106,Non-belief adaptive allocation,openworlds-ad-trajectories
58,0.5789473684210527,1.0,1.0,0.5524457807804453,0.0,57,Non-belief adaptive allocation,openworlds-ad-trajectories
100,0.6060606060606061,1.0,1.0,0.5836736451533523,0.0,99,Non-belief adaptive allocation,openworlds-ad-trajectories
104,0.5728155339805825,0.0,1.0,0.4140728435452946,0.0,103,Non-belief adaptive allocation,openworlds-ad-trajectories
78,0.6883116883116883,1.0,1.0,0.591018626322837,0.0,77,Non-belief adaptive allocation,openworlds-ad-trajectories
57,0.5357142857142857,1.0,1.0,0.5283471760997224,0.0,56,Non-belief adaptive allocation,openworlds-ad-trajectories
83,0.5121951219512195,1.0,1.0,0.4476910539804046,0.0,82,Non-belief adaptive allocation,openworlds-ad-trajectories
60,0.6271186440677966,1.0,1.0,0.5287071737975133,0.0,59,Non-belief adaptive allocation,openworlds-ad-trajectories
93,0.5652173913043478,1.0,1.0,0.5384084935242058,0.0,92,Non-belief adaptive allocation,openworlds-ad-trajectories
59,0.5689655172413793,1.0,1.0,0.5396950598291594,0.0,58,Non-belief adaptive allocation,openworlds-ad-trajectories
59,0.603448275862069,1.0,1.0,0.5517431356921659,0.0,58,Non-belief adaptive allocation,openworlds-ad-trajectories
67,0.6363636363636364,1.0,1.0,0.6253314405695662,0.0,66,Non-belief adaptive allocation,openworlds-ad-trajectories
93,0.5652173913043478,1.0,1.0,0.490792787363051,0.0,92,Non-belief adaptive allocation,openworlds-ad-trajectories
98,0.6391752577319587,1.0,1.0,0.6529449983938145,0.0,97,Non-belief adaptive allocation,Nemesis-Cyber-Pack
82,0.5061728395061729,1.0,1.0,0.48950005398858504,0.0,81,Non-belief adaptive allocation,Nemesis-Cyber-Pack
59,0.5344827586206896,1.0,1.0,0.431729782827333,0.0,58,Non-belief adaptive allocation,Nemesis-Cyber-Pack
117,0.646551724137931,1.0,1.0,0.6157260972810353,0.0,116,Non-belief adaptive allocation,Nemesis-Cyber-Pack
68,0.6417910447761194,1.0,1.0,0.5509817969960324,0.0,67,Non-belief adaptive allocation,Nemesis-Cyber-Pack
112,0.6396396396396397,1.0,1.0,0.5478657597332603,0.0,111,Non-belief adaptive allocation,Nemesis-Cyber-Pack
61,0.5166666666666667,1.0,1.0,0.4828553240372532,0.0,60,Non-belief adaptive allocation,Nemesis-Cyber-Pack
81,0.5625,1.0,1.0,0.6239439592823032,0.0,80,Non-belief adaptive allocation,Nemesis-Cyber-Pack
121,0.6333333333333333,0.0,1.0,0.5524457807804453,0.0,120,Non-belief adaptive allocation,Nemesis-Cyber-Pack
68,0.4925373134328358,1.0,1.0,0.5836736451533523,0.0,67,Non-belief adaptive allocation,Nemesis-Cyber-Pack
78,0.5064935064935064,1.0,1.0,0.4140728435452946,0.0,77,Non-belief adaptive allocation,Nemesis-Cyber-Pack
88,0.5862068965517241,1.0,1.0,0.591018626322837,0.0,87,Non-belief adaptive allocation,Nemesis-Cyber-Pack
57,0.6071428571428571,1.0,1.0,0.5283471760997224,0.0,56,Non-belief adaptive allocation,Nemesis-Cyber-Pack
98,0.5360824742268041,1.0,1.0,0.4476910539804046,0.0,97,Non-belief adaptive allocation,Nemesis-Cyber-Pack
67,0.4696969696969697,0.0,1.0,0.5287071737975133,0.0,66,Non-belief adaptive allocation,Nemesis-Cyber-Pack
121,0.6416666666666667,1.0,1.0,0.5384084935242058,0.0,120,Non-belief adaptive allocation,Nemesis-Cyber-Pack
102,0.5841584158415841,1.0,1.0,0.5396950598291594,0.0,101,Non-belief adaptive allocation,Nemesis-Cyber-Pack
106,0.5619047619047619,1.0,1.0,0.5517431356921659,0.0,105,Non-belief adaptive allocation,Nemesis-Cyber-Pack
102,0.6138613861386139,1.0,1.0,0.6253314405695662,0.0,101,Non-belief adaptive allocation,Nemesis-Cyber-Pack
75,0.5405405405405406,1.0,1.0,0.490792787363051,0.0,74,Non-belief adaptive allocation,Nemesis-Cyber-Pack
66,0.7230769230769231,1.0,1.0,0.6529449983938145,0.0,65,Non-belief adaptive allocation,LANL-auth-flows
121,0.5416666666666666,1.0,1.0,0.48950005398858504,0.0,120,Non-belief adaptive allocation,LANL-auth-flows
84,0.5060240963855421,1.0,1.0,0.431729782827333,0.0,83,Non-belief adaptive allocation,LANL-auth-flows
112,0.5675675675675675,1.0,1.0,0.6157260972810353,0.0,111,Non-belief adaptive allocation,LANL-auth-flows
70,0.463768115942029,1.0,1.0,0.5509817969960324,0.0,69,Non-belief adaptive allocation,LANL-auth-flows
108,0.6074766355140186,1.0,1.0,0.5478657597332603,0.0,107,Non-belief adaptive allocation,LANL-auth-flows
104,0.5436893203883495,1.0,1.0,0.4828553240372532,0.0,103,Non-belief adaptive allocation,LANL-auth-flows
58,0.6140350877192983,1.0,1.0,0.6239439592823032,0.0,57,Non-belief adaptive allocation,LANL-auth-flows
108,0.5700934579439252,1.0,1.0,0.5524457807804453,0.0,107,Non-belief adaptive allocation,LANL-auth-flows
93,0.6304347826086957,1.0,1.0,0.5836736451533523,0.0,92,Non-belief adaptive allocation,LANL-auth-flows
76,0.6533333333333333,1.0,1.0,0.4140728435452946,0.0,75,Non-belief adaptive allocation,LANL-auth-flows
62,0.639344262295082,1.0,1.0,0.591018626322837,0.0,61,Non-belief adaptive allocation,LANL-auth-flows
75,0.5540540540540541,1.0,1.0,0.5283471760997224,0.0,74,Non-belief adaptive allocation,LANL-auth-flows
117,0.5775862068965517,1.0,1.0,0.4476910539804046,0.0,116,Non-belief adaptive allocation,LANL-auth-flows
112,0.5405405405405406,1.0,1.0,0.5287071737975133,0.0,111,Non-belief adaptive allocation,LANL-auth-flows
121,0.6166666666666667,1.0,1.0,0.5384084935242058,0.0,120,Non-belief adaptive allocation,LANL-auth-flows
99,0.5918367346938775,1.0,1.0,0.5396950598291594,0.0,98,Non-belief adaptive allocation,LANL-auth-flows
88,0.6436781609195402,1.0,1.0,0.5517431356921659,0.0,87,Non-belief adaptive allocation,LANL-auth-flows
65,0.640625,1.0,1.0,0.6253314405695662,0.0,64,Non-belief adaptive allocation,LANL-auth-flows
73,0.5138888888888888,1.0,1.0,0.490792787363051,0.0,72,Non-belief adaptive allocation,LANL-auth-flows
103,0.6274509803921569,1.0,1.0,0.6529449983938145,0.0,102,Non-belief adaptive allocation,GOAD-sample
62,0.5573770491803278,1.0,1.0,0.48950005398858504,0.0,61,Non-belief adaptive allocation,GOAD-sample
93,0.5543478260869565,1.0,1.0,0.431729782827333,0.0,92,Non-belief adaptive allocation,GOAD-sample
66,0.5846153846153846,0.0,1.0,0.6157260972810353,0.0,65,Non-belief adaptive allocation,GOAD-sample
77,0.631578947368421,1.0,1.0,0.5509817969960324,0.0,76,Non-belief adaptive allocation,GOAD-sample
79,0.5128205128205128,1.0,1.0,0.5478657597332603,0.0,78,Non-belief adaptive allocation,GOAD-sample
68,0.5074626865671642,0.0,1.0,0.4828553240372532,0.0,67,Non-belief adaptive allocation,GOAD-sample
121,0.5833333333333334,0.0,1.0,0.6239439592823032,0.0,120,Non-belief adaptive allocation,GOAD-sample
85,0.5833333333333334,0.0,1.0,0.5524457807804453,0.0,84,Non-belief adaptive allocation,GOAD-sample
74,0.6027397260273972,0.0,1.0,0.5836736451533523,0.0,73,Non-belief adaptive allocation,GOAD-sample
88,0.4827586206896552,0.0,1.0,0.4140728435452946,0.0,87,Non-belief adaptive allocation,GOAD-sample
118,0.5726495726495726,1.0,1.0,0.591018626322837,0.0,117,Non-belief adaptive allocation,GOAD-sample
72,0.5633802816901409,0.0,1.0,0.5283471760997224,0.0,71,Non-belief adaptive allocation,GOAD-sample
90,0.5393258426966292,0.0,1.0,0.4476910539804046,0.0,89,Non-belief adaptive allocation,GOAD-sample
71,0.5142857142857142,0.0,1.0,0.5287071737975133,0.0,70,Non-belief adaptive allocation,GOAD-sample
65,0.5,0.0,1.0,0.5384084935242058,0.0,64,Non-belief adaptive allocation,GOAD-sample
88,0.6896551724137931,0.0,1.0,0.5396950598291594,0.0,87,Non-belief adaptive allocation,GOAD-sample
108,0.6448598130841121,0.0,1.0,0.5517431356921659,0.0,107,Non-belief adaptive allocation,GOAD-sample
76,0.5866666666666667,0.0,1.0,0.6253314405695662,0.0,75,Non-belief adaptive allocation,GOAD-sample
103,0.6470588235294118,1.0,1.0,0.490792787363051,0.0,102,Non-belief adaptive allocation,GOAD-sample
112,0.9459459459459459,1.0,1.0,0.8780000519990653,0.0,111,No-Belief,openworlds-ad-trajectories
86,0.8588235294117647,1.0,1.0,0.8799999807990654,0.0,85,No-Belief,openworlds-ad-trajectories
107,0.9150943396226415,1.0,1.0,0.8780000519990653,0.0,106,No-Belief,openworlds-ad-trajectories
104,0.9514563106796117,1.0,1.0,0.9100001191990651,0.0,103,No-Belief,openworlds-ad-trajectories
62,0.9180327868852459,1.0,1.0,0.8599999999990654,0.0,61,No-Belief,openworlds-ad-trajectories
62,0.9016393442622951,1.0,1.0,0.8599999999990654,0.0,61,No-Belief,openworlds-ad-trajectories
60,0.8983050847457628,1.0,1.0,0.8920000671990652,0.0,59,No-Belief,openworlds-ad-trajectories
107,0.8867924528301887,1.0,1.0,0.8379999479990655,0.0,106,No-Belief,openworlds-ad-trajectories
58,0.8771929824561403,1.0,1.0,0.8840001711990649,0.0,57,No-Belief,openworlds-ad-trajectories
100,0.898989898989899,1.0,1.0,0.8979999287990655,0.0,99,No-Belief,openworlds-ad-trajectories
104,0.8932038834951457,0.0,1.0,0.8920000671990652,0.0,103,No-Belief,openworlds-ad-trajectories
78,0.8571428571428571,1.0,1.0,0.8920000671990652,0.0,77,No-Belief,openworlds-ad-trajectories
57,0.8214285714285714,1.0,1.0,0.8780000519990653,0.0,56,No-Belief,openworlds-ad-trajectories
83,0.9390243902439024,1.0,1.0,0.8379999479990655,0.0,82,No-Belief,openworlds-ad-trajectories
60,0.8983050847457628,1.0,1.0,0.8780000519990653,0.0,59,No-Belief,openworlds-ad-trajectories
93,0.8804347826086957,1.0,1.0,0.8580000327990653,0.0,92,No-Belief,openworlds-ad-trajectories
59,0.896551724137931,1.0,1.0,0.9100001191990651,0.0,58,No-Belief,openworlds-ad-trajectories
59,0.8793103448275862,1.0,1.0,0.8780000519990653,0.0,58,No-Belief,openworlds-ad-trajectories
67,0.9090909090909091,1.0,1.0,0.8979999287990655,0.0,66,No-Belief,openworlds-ad-trajectories
93,0.8804347826086957,1.0,1.0,0.8920000671990652,0.0,92,No-Belief,openworlds-ad-trajectories
98,0.865979381443299,1.0,1.0,0.8780000519990653,0.0,97,No-Belief,Nemesis-Cyber-Pack
82,0.9012345679012346,1.0,1.0,0.8799999807990654,0.0,81,No-Belief,Nemesis-Cyber-Pack
59,0.896551724137931,1.0,1.0,0.8780000519990653,0.0,58,No-Belief,Nemesis-Cyber-Pack
117,0.9051724137931034,1.0,1.0,0.9100001191990651,0.0,116,No-Belief,Nemesis-Cyber-Pack
68,0.9104477611940298,1.0,1.0,0.8599999999990654,0.0,67,No-Belief,Nemesis-Cyber-Pack
112,0.8558558558558559,1.0,1.0,0.8599999999990654,0.0,111,No-Belief,Nemesis-Cyber-Pack
61,0.8666666666666667,1.0,1.0,0.8920000671990652,0.0,60,No-Belief,Nemesis-Cyber-Pack
81,0.9,1.0,1.0,0.8379999479990655,0.0,80,No-Belief,Nemesis-Cyber-Pack
121,0.925,0.0,1.0,0.8840001711990649,0.0,120,No-Belief,Nemesis-Cyber-Pack
68,0.9104477611940298,1.0,1.0,0.8979999287990655,0.0,67,No-Belief,Nemesis-Cyber-Pack
78,0.922077922077922,1.0,1.0,0.8920000671990652,0.0,77,No-Belief,Nemesis-Cyber-Pack
88,0.8505747126436781,1.0,1.0,0.8920000671990652,0.0,87,No-Belief,Nemesis-Cyber-Pack
57,0.9107142857142857,1.0,1.0,0.8780000519990653,0.0,56,No-Belief,Nemesis-Cyber-Pack
98,0.8865979381443299,1.0,1.0,0.8379999479990655,0.0,97,No-Belief,Nemesis-Cyber-Pack
67,0.8787878787878788,0.0,1.0,0.8780000519990653,0.0,66,No-Belief,Nemesis-Cyber-Pack
121,0.875,1.0,1.0,0.8580000327990653,0.0,120,No-Belief,Nemesis-Cyber-Pack
102,0.9108910891089109,1.0,1.0,0.9100001191990651,0.0,101,No-Belief,Nemesis-Cyber-Pack
106,0.9523809523809523,1.0,1.0,0.8780000519990653,0.0,105,No-Belief,Nemesis-Cyber-Pack
102,0.8415841584158416,1.0,1.0,0.8979999287990655,0.0,101,No-Belief,Nemesis-Cyber-Pack
75,0.918918918918919,1.0,1.0,0.8920000671990652,0.0,74,No-Belief,Nemesis-Cyber-Pack
66,0.9076923076923077,1.0,1.0,0.8780000519990653,0.0,65,No-Belief,LANL-auth-flows
121,0.9083333333333333,1.0,1.0,0.8799999807990654,0.0,120,No-Belief,LANL-auth-flows
84,0.891566265060241,1.0,1.0,0.8780000519990653,0.0,83,No-Belief,LANL-auth-flows
112,0.9369369369369369,1.0,1.0,0.9100001191990651,0.0,111,No-Belief,LANL-auth-flows
70,0.8985507246376812,1.0,1.0,0.8599999999990654,0.0,69,No-Belief,LANL-auth-flows
108,0.897196261682243,1.0,1.0,0.8599999999990654,0.0,107,No-Belief,LANL-auth-flows
104,0.8932038834951457,1.0,1.0,0.8920000671990652,0.0,103,No-Belief,LANL-auth-flows
58,0.8596491228070176,1.0,1.0,0.8379999479990655,0.0,57,No-Belief,LANL-auth-flows
108,0.897196261682243,1.0,1.0,0.8840001711990649,0.0,107,No-Belief,LANL-auth-flows
93,0.8913043478260869,1.0,1.0,0.8979999287990655,0.0,92,No-Belief,LANL-auth-flows
76,0.92,1.0,1.0,0.8920000671990652,0.0,75,No-Belief,LANL-auth-flows
62,0.9508196721311475,1.0,1.0,0.8920000671990652,0.0,61,No-Belief,LANL-auth-flows
75,0.972972972972973,1.0,1.0,0.8780000519990653,0.0,74,No-Belief,LANL-auth-flows
117,0.853448275862069,1.0,1.0,0.8379999479990655,0.0,116,No-Belief,LANL-auth-flows
112,0.8648648648648649,1.0,1.0,0.8780000519990653,0.0,111,No-Belief,LANL-auth-flows
121,0.9166666666666666,1.0,1.0,0.8580000327990653,0.0,120,No-Belief,LANL-auth-flows
99,0.9285714285714286,1.0,1.0,0.9100001191990651,0.0,98,No-Belief,LANL-auth-flows
88,0.9080459770114943,1.0,1.0,0.8780000519990653,0.0,87,No-Belief,LANL-auth-flows
65,0.90625,1.0,1.0,0.8979999287990655,0.0,64,No-Belief,LANL-auth-flows
73,0.9027777777777778,1.0,1.0,0.8920000671990652,0.0,72,No-Belief,LANL-auth-flows
103,0.8823529411764706,1.0,1.0,0.8780000519990653,0.0,102,No-Belief,GOAD-sample
62,0.8688524590163934,1.0,1.0,0.8799999807990654,0.0,61,No-Belief,GOAD-sample
93,0.8804347826086957,1.0,1.0,0.8780000519990653,0.0,92,No-Belief,GOAD-sample
66,0.9538461538461539,0.0,1.0,0.9100001191990651,0.0,65,No-Belief,GOAD-sample
77,0.8947368421052632,1.0,1.0,0.8599999999990654,0.0,76,No-Belief,GOAD-sample
79,0.9230769230769231,1.0,1.0,0.8599999999990654,0.0,78,No-Belief,GOAD-sample
68,0.8805970149253731,0.0,1.0,0.8920000671990652,0.0,67,No-Belief,GOAD-sample
121,0.85,0.0,1.0,0.8379999479990655,0.0,120,No-Belief,GOAD-sample
85,0.9166666666666666,0.0,1.0,0.8840001711990649,0.0,84,No-Belief,GOAD-sample
74,0.958904109589041,0.0,1.0,0.8979999287990655,0.0,73,No-Belief,GOAD-sample
88,0.9425287356321839,0.0,1.0,0.8920000671990652,0.0,87,No-Belief,GOAD-sample
118,0.9401709401709402,1.0,1.0,0.8920000671990652,0.0,117,No-Belief,GOAD-sample
72,0.8873239436619719,0.0,1.0,0.8780000519990653,0.0,71,No-Belief,GOAD-sample
90,0.8876404494382022,0.0,1.0,0.8379999479990655,0.0,89,No-Belief,GOAD-sample
71,0.9,0.0,1.0,0.8780000519990653,0.0,70,No-Belief,GOAD-sample
65,0.90625,0.0,1.0,0.8580000327990653,0.0,64,No-Belief,GOAD-sample
88,0.9425287356321839,0.0,1.0,0.9100001191990651,0.0,87,No-Belief,GOAD-sample
108,0.9345794392523364,0.0,1.0,0.8780000519990653,0.0,107,No-Belief,GOAD-sample
76,0.9066666666666666,0.0,1.0,0.8979999287990655,0.0,75,No-Belief,GOAD-sample
103,0.9215686274509803,1.0,1.0,0.8920000671990652,0.0,102,No-Belief,GOAD-sample
48,0.5945945945945946,1.0,1.0,0.5499946022372427,0.7403390631789573,111,No-Consistency,openworlds-ad-trajectories
49,0.5882352941176471,1.0,1.0,0.5522562592727479,0.7144536156670401,85,No-Consistency,openworlds-ad-trajectories
46,0.6037735849056604,1.0,1.0,0.542292569752129,0.7291439125697499,106,No-Consistency,openworlds-ad-trajectories
47,0.5631067961165048,1.0,1.0,0.5519752570612315,0.7438210860190861,103,No-Consistency,openworlds-ad-trajectories
45,0.5245901639344263,1.0,1.0,0.5457295467686669,0.6652201370234344,61,No-Consistency,openworlds-ad-trajectories
47,0.7049180327868853,1.0,1.0,0.5553455552003107,0.6736471289965734,61,No-Consistency,openworlds-ad-trajectories
52,0.6101694915254238,1.0,1.0,0.5528887289772418,0.6601642104315377,59,No-Consistency,openworlds-ad-trajectories
48,0.660377358490566,1.0,1.0,0.555043103068621,0.7332680752512326,106,No-Consistency,openworlds-ad-trajectories
50,0.6140350877192983,1.0,1.0,0.5361221522386956,0.6619610328683112,57,No-Consistency,openworlds-ad-trajectories
49,0.6464646464646465,1.0,1.0,0.5482678805386947,0.7169075638993028,99,No-Consistency,openworlds-ad-trajectories
50,0.6504854368932039,0.0,1.0,0.5606215008304037,0.7193529665181491,103,No-Consistency,openworlds-ad-trajectories
43,0.6493506493506493,1.0,1.0,0.5356848489017014,0.6973937439014708,77,No-Consistency,openworlds-ad-trajectories
45,0.5357142857142857,1.0,1.0,0.5640329954396931,0.6682717521816622,56,No-Consistency,openworlds-ad-trajectories
54,0.5853658536585366,1.0,1.0,0.5621456970529268,0.7086167845162832,82,No-Consistency,openworlds-ad-trajectories
48,0.5932203389830508,1.0,1.0,0.545237408288787,0.6802603709474985,59,No-Consistency,openworlds-ad-trajectories
41,0.7065217391304348,1.0,1.0,0.543310658926824,0.7000868225006496,92,No-Consistency,openworlds-ad-trajectories
46,0.6551724137931034,1.0,1.0,0.536275939237724,0.6538040259371278,58,No-Consistency,openworlds-ad-trajectories
47,0.5344827586206896,1.0,1.0,0.5385065829379385,0.6774936992327925,58,No-Consistency,openworlds-ad-trajectories
51,0.6515151515151515,1.0,1.0,0.5375304681874535,0.6794967953009498,66,No-Consistency,openworlds-ad-trajectories
47,0.5652173913043478,1.0,1.0,0.5470455184035175,0.7206966755894145,92,No-Consistency,openworlds-ad-trajectories
48,0.5463917525773195,1.0,1.0,0.5486611227396466,0.7319388507829253,97,No-Consistency,Nemesis-Cyber-Pack
49,0.6049382716049383,1.0,1.0,0.5514331256374186,0.6987388330845994,81,No-Consistency,Nemesis-Cyber-Pack
43,0.6379310344827587,1.0,1.0,0.5460883651387902,0.6598935917845083,58,No-Consistency,Nemesis-Cyber-Pack
47,0.6637931034482759,1.0,1.0,0.553679980304422,0.7550723436906476,116,No-Consistency,Nemesis-Cyber-Pack
48,0.5373134328358209,1.0,1.0,0.5489661793671498,0.6776472791814777,67,No-Consistency,Nemesis-Cyber-Pack
46,0.5585585585585585,1.0,1.0,0.5477069871654224,0.7343327502822234,111,No-Consistency,Nemesis-Cyber-Pack
56,0.5666666666666667,1.0,1.0,0.5513181896945877,0.6712064375162206,60,No-Consistency,Nemesis-Cyber-Pack
46,0.6375,1.0,1.0,0.5527571722079175,0.724833774137963,80,No-Consistency,Nemesis-Cyber-Pack
50,0.5416666666666666,0.0,1.0,0.5438609596032311,0.7507324086430358,120,No-Consistency,Nemesis-Cyber-Pack
43,0.6865671641791045,1.0,1.0,0.5521411572595404,0.6961632401225997,67,No-Consistency,Nemesis-Cyber-Pack
49,0.5844155844155844,1.0,1.0,0.5568739834027377,0.6934238118841838,77,No-Consistency,Nemesis-Cyber-Pack
43,0.5977011494252874,1.0,1.0,0.5409730703586745,0.7213749301597627,87,No-Consistency,Nemesis-Cyber-Pack
46,0.5892857142857143,1.0,1.0,0.5640329954396931,0.6653158095336605,56,No-Consistency,Nemesis-Cyber-Pack
54,0.6082474226804123,1.0,1.0,0.5579713856430926,0.7242395135183703,97,No-Consistency,Nemesis-Cyber-Pack
48,0.6363636363636364,0.0,1.0,0.5490869113112149,0.7058555816275527,66,No-Consistency,Nemesis-Cyber-Pack
42,0.5916666666666667,1.0,1.0,0.5434667746951476,0.7485656766524583,120,No-Consistency,Nemesis-Cyber-Pack
47,0.5544554455445545,1.0,1.0,0.5486660326979922,0.7171183336687121,101,No-Consistency,Nemesis-Cyber-Pack
49,0.6285714285714286,1.0,1.0,0.535228376310604,0.7322877561852232,105,No-Consistency,Nemesis-Cyber-Pack
51,0.5742574257425742,1.0,1.0,0.5428625709234056,0.7523872097406568,101,No-Consistency,Nemesis-Cyber-Pack
48,0.5540540540540541,1.0,1.0,0.5562822025125346,0.6966412798479723,74,No-Consistency,Nemesis-Cyber-Pack
48,0.5384615384615384,1.0,1.0,0.553147481882961,0.6646044825040149,65,No-Consistency,LANL-auth-flows
48,0.6333333333333333,1.0,1.0,0.555185251263082,0.7503624122713245,120,No-Consistency,LANL-auth-flows
46,0.5903614457831325,1.0,1.0,0.5439573441465302,0.7083494156623898,83,No-Consistency,LANL-auth-flows
54,0.6396396396396397,1.0,1.0,0.5526513607004186,0.7234777200252152,111,No-Consistency,LANL-auth-flows
47,0.5652173913043478,1.0,1.0,0.5499271969703993,0.7170387392673582,69,No-Consistency,LANL-auth-flows
48,0.5981308411214953,1.0,1.0,0.5467658538748543,0.7384831410232808,107,No-Consistency,LANL-auth-flows
56,0.6601941747572816,1.0,1.0,0.5443203794167907,0.7310317765670129,103,No-Consistency,LANL-auth-flows
43,0.543859649122807,1.0,1.0,0.5518356979789211,0.6599846160084749,57,No-Consistency,LANL-auth-flows
51,0.616822429906542,1.0,1.0,0.5454484833128209,0.743678555002295,107,No-Consistency,LANL-auth-flows
47,0.5760869565217391,1.0,1.0,0.5514114328902027,0.7621860770605517,92,No-Consistency,LANL-auth-flows
50,0.5466666666666666,1.0,1.0,0.5549535113219314,0.7106711792682148,75,No-Consistency,LANL-auth-flows
46,0.5901639344262295,1.0,1.0,0.5353234986071974,0.6750638536352356,61,No-Consistency,LANL-auth-flows
45,0.5540540540540541,1.0,1.0,0.5645553435083902,0.6903420812427274,74,No-Consistency,LANL-auth-flows
53,0.5948275862068966,1.0,1.0,0.5575459450821812,0.7539186181353091,116,No-Consistency,LANL-auth-flows
47,0.6036036036036037,1.0,1.0,0.5376443181994193,0.7501946012324051,111,No-Consistency,LANL-auth-flows
41,0.525,1.0,1.0,0.5427541373567434,0.747820848232855,120,No-Consistency,LANL-auth-flows
46,0.5918367346938775,1.0,1.0,0.5483527327816644,0.7259940281900168,98,No-Consistency,LANL-auth-flows
49,0.5632183908045977,1.0,1.0,0.5352417228719119,0.715497194093861,87,No-Consistency,LANL-auth-flows
49,0.59375,1.0,1.0,0.5375081442248226,0.6792999331009858,64,No-Consistency,LANL-auth-flows
40,0.5416666666666666,1.0,1.0,0.5566122965891209,0.6940701044312124,72,No-Consistency,LANL-auth-flows
47,0.5686274509803921,1.0,1.0,0.5497212736864225,0.7174225049079801,102,No-Consistency,GOAD-sample
49,0.639344262295082,1.0,1.0,0.5512252433917756,0.6804511934632873,61,No-Consistency,GOAD-sample
43,0.6086956521739131,1.0,1.0,0.5446836167055992,0.7357783065606718,92,No-Consistency,GOAD-sample
47,0.5692307692307692,0.0,1.0,0.5557419477672924,0.7047317879059677,65,No-Consistency,GOAD-sample
47,0.6052631578947368,1.0,1.0,0.5463246197517271,0.6927300542867043,76,No-Consistency,GOAD-sample
45,0.5256410256410257,1.0,1.0,0.5496628982404179,0.702781288395436,78,No-Consistency,GOAD-sample
52,0.5373134328358209,0.0,1.0,0.5470910206651226,0.677135449523456,67,No-Consistency,GOAD-sample
46,0.5083333333333333,0.0,1.0,0.5548576351850593,0.7456162444854504,120,No-Consistency,GOAD-sample
52,0.5595238095238095,0.0,1.0,0.5432938016972617,0.728610993397911,84,No-Consistency,GOAD-sample
42,0.5205479452054794,0.0,1.0,0.5480310652560112,0.7039869577303514,73,No-Consistency,GOAD-sample
48,0.6436781609195402,0.0,1.0,0.5569301328574932,0.7116982591929,87,No-Consistency,GOAD-sample
46,0.6239316239316239,1.0,1.0,0.5438247401968976,0.7801634535623118,117,No-Consistency,GOAD-sample
44,0.6197183098591549,0.0,1.0,0.5636606515428606,0.698114124640276,71,No-Consistency,GOAD-sample
54,0.6067415730337079,0.0,1.0,0.5610281577769604,0.7432342356039463,89,No-Consistency,GOAD-sample
49,0.6,0.0,1.0,0.552891378028229,0.6915973557564816,70,No-Consistency,GOAD-sample
41,0.5625,0.0,1.0,0.54401852614933,0.6689779876933544,64,No-Consistency,GOAD-sample
48,0.5057471264367817,0.0,1.0,0.5453398752998367,0.734152379046724,87,No-Consistency,GOAD-sample
49,0.5420560747663551,0.0,1.0,0.5364650397112204,0.7434466418876253,107,No-Consistency,GOAD-sample
46,0.5866666666666667,0.0,1.0,0.5376509044703777,0.6652438189214955,75,No-Consistency,GOAD-sample
48,0.5392156862745098,1.0,1.0,0.5488583695658832,0.7326365791371334,102,No-Consistency,GOAD-sample
112,0.918918918918919,1.0,1.0,0.8401265143377866,0.727094838063282,111,No-Inconsistency,openworlds-ad-trajectories
86,0.8823529411764706,1.0,1.0,0.8414255971260124,0.7326693430703185,85,No-Inconsistency,openworlds-ad-trajectories
107,0.8962264150943396,1.0,1.0,0.8470401613183238,0.7483601240875835,106,No-Inconsistency,openworlds-ad-trajectories
104,0.8737864077669902,1.0,1.0,0.8523594204255693,0.7576550153896233,103,No-Inconsistency,openworlds-ad-trajectories
62,0.8524590163934426,1.0,1.0,0.8466585589878022,0.6933689149847287,61,No-Inconsistency,openworlds-ad-trajectories
62,0.9016393442622951,1.0,1.0,0.8510142978360771,0.6757176134793901,61,No-Inconsistency,openworlds-ad-trajectories
60,0.7966101694915254,1.0,1.0,0.8427083300527626,0.6756158141399009,59,No-Inconsistency,openworlds-ad-trajectories
107,0.8867924528301887,1.0,1.0,0.8465538996631903,0.7471198325143538,106,No-Inconsistency,openworlds-ad-trajectories
58,0.9122807017543859,1.0,1.0,0.8418020757466883,0.6850927483028577,57,No-Inconsistency,openworlds-ad-trajectories
100,0.8686868686868687,1.0,1.0,0.8449764408172245,0.7487199633453488,99,No-Inconsistency,openworlds-ad-trajectories
104,0.8737864077669902,0.0,1.0,0.8372569564163057,0.7189384527121461,103,No-Inconsistency,openworlds-ad-trajectories
78,0.8441558441558441,1.0,1.0,0.8341020060070294,0.6908221842372961,77,No-Inconsistency,openworlds-ad-trajectories
57,0.875,1.0,1.0,0.8439691123519631,0.6509680938788933,56,No-Inconsistency,openworlds-ad-trajectories
83,0.8902439024390244,1.0,1.0,0.8451217822313671,0.7031664257101177,82,No-Inconsistency,openworlds-ad-trajectories
60,0.9491525423728814,1.0,1.0,0.8481694190300479,0.6848069555979714,59,No-Inconsistency,openworlds-ad-trajectories
93,0.8369565217391305,1.0,1.0,0.8397332988180743,0.6990330643141753,92,No-Inconsistency,openworlds-ad-trajectories
59,0.8448275862068966,1.0,1.0,0.8434919156360235,0.6702444227833639,58,No-Inconsistency,openworlds-ad-trajectories
59,0.9137931034482759,1.0,1.0,0.8442450041414287,0.6649516526112761,58,No-Inconsistency,openworlds-ad-trajectories
67,0.9090909090909091,1.0,1.0,0.8431624985287886,0.6688486441013175,66,No-Inconsistency,openworlds-ad-trajectories
93,0.8478260869565217,1.0,1.0,0.8448244672016388,0.7357750451214735,92,No-Inconsistency,openworlds-ad-trajectories
98,0.8969072164948454,1.0,1.0,0.8453272543139356,0.7197754151947413,97,No-Inconsistency,Nemesis-Cyber-Pack
82,0.9012345679012346,1.0,1.0,0.8418216775812588,0.6954225552822357,81,No-Inconsistency,Nemesis-Cyber-Pack
59,0.8620689655172413,1.0,1.0,0.8538637668073489,0.6440981946451543,58,No-Inconsistency,Nemesis-Cyber-Pack
117,0.896551724137931,1.0,1.0,0.8420410878731341,0.7535573652199201,116,No-Inconsistency,Nemesis-Cyber-Pack
68,0.8955223880597015,1.0,1.0,0.8467092993942219,0.6671419677686286,67,No-Inconsistency,Nemesis-Cyber-Pack
112,0.954954954954955,1.0,1.0,0.8513030211668312,0.7301146987658957,111,No-Inconsistency,Nemesis-Cyber-Pack
61,0.8833333333333333,1.0,1.0,0.8412734118129902,0.6875255273801968,60,No-Inconsistency,Nemesis-Cyber-Pack
81,0.8625,1.0,1.0,0.8409271983895742,0.7152952231255139,80,No-Inconsistency,Nemesis-Cyber-Pack
121,0.9083333333333333,0.0,1.0,0.8383917625013405,0.7451992545895076,120,No-Inconsistency,Nemesis-Cyber-Pack
68,0.835820895522388,1.0,1.0,0.8423927629389817,0.6928708477338112,67,No-Inconsistency,Nemesis-Cyber-Pack
78,0.8571428571428571,1.0,1.0,0.8368053792162383,0.687061312324895,77,No-Inconsistency,Nemesis-Cyber-Pack
88,0.9310344827586207,1.0,1.0,0.8396201132103345,0.6998987698103722,87,No-Inconsistency,Nemesis-Cyber-Pack
57,0.9107142857142857,1.0,1.0,0.8431282665275596,0.6496434598964478,56,No-Inconsistency,Nemesis-Cyber-Pack
98,0.865979381443299,1.0,1.0,0.8438459747515153,0.7463461982318715,97,No-Inconsistency,Nemesis-Cyber-Pack
67,0.8181818181818182,0.0,1.0,0.844732193838628,0.6666099937338863,66,No-Inconsistency,Nemesis-Cyber-Pack
121,0.8583333333333333,1.0,1.0,0.8391862449974348,0.7370820516663201,120,No-Inconsistency,Nemesis-Cyber-Pack
102,0.900990099009901,1.0,1.0,0.8446626049002034,0.7269930574237413,101,No-Inconsistency,Nemesis-Cyber-Pack
106,0.9333333333333333,1.0,1.0,0.8431549096551403,0.7329245512025797,105,No-Inconsistency,Nemesis-Cyber-Pack
102,0.8514851485148515,1.0,1.0,0.842784234336607,0.7419609355374079,101,No-Inconsistency,Nemesis-Cyber-Pack
75,0.8108108108108109,1.0,1.0,0.8438853282329505,0.6978305134276321,74,No-Inconsistency,Nemesis-Cyber-Pack
66,0.8923076923076924,1.0,1.0,0.8366840707107991,0.6951626472003611,65,No-Inconsistency,LANL-auth-flows
121,0.9,1.0,1.0,0.8451254754660721,0.7642422298270876,120,No-Inconsistency,LANL-auth-flows
84,0.8674698795180723,1.0,1.0,0.8410211872337179,0.6982198413341294,83,No-Inconsistency,LANL-auth-flows
112,0.9009009009009009,1.0,1.0,0.8421346439354509,0.7424454747469941,111,No-Inconsistency,LANL-auth-flows
70,0.8985507246376812,1.0,1.0,0.8450399623701648,0.666672510550065,69,No-Inconsistency,LANL-auth-flows
108,0.8691588785046729,1.0,1.0,0.8465866080210203,0.7593466527555974,107,No-Inconsistency,LANL-auth-flows
104,0.912621359223301,1.0,1.0,0.8406694679173857,0.7220113956430831,103,No-Inconsistency,LANL-auth-flows
58,0.9473684210526315,1.0,1.0,0.8482755507522868,0.6639274236965611,57,No-Inconsistency,LANL-auth-flows
108,0.897196261682243,1.0,1.0,0.8389911774270167,0.7368723375628703,107,No-Inconsistency,LANL-auth-flows
93,0.9239130434782609,1.0,1.0,0.8383135967540347,0.7361640520963373,92,No-Inconsistency,LANL-auth-flows
76,0.9466666666666667,1.0,1.0,0.8326048263050286,0.6851122305606143,75,No-Inconsistency,LANL-auth-flows
62,0.8524590163934426,1.0,1.0,0.8437178468301331,0.6976489734701037,61,No-Inconsistency,LANL-auth-flows
75,0.9324324324324325,1.0,1.0,0.8422727881927482,0.7010532408105106,74,No-Inconsistency,LANL-auth-flows
117,0.9310344827586207,1.0,1.0,0.8426238802534914,0.7350900493145096,116,No-Inconsistency,LANL-auth-flows
112,0.918918918918919,1.0,1.0,0.844688804114278,0.7271512450730149,111,No-Inconsistency,LANL-auth-flows
121,0.9166666666666666,1.0,1.0,0.8406347088729321,0.7410407497788953,120,No-Inconsistency,LANL-auth-flows
99,0.9489795918367347,1.0,1.0,0.839898638653421,0.7370824054616651,98,No-Inconsistency,LANL-auth-flows
88,0.9310344827586207,1.0,1.0,0.8386209842391898,0.7586809416845706,87,No-Inconsistency,LANL-auth-flows
65,0.890625,1.0,1.0,0.8439811359981927,0.6892081062157929,64,No-Inconsistency,LANL-auth-flows
73,0.8888888888888888,1.0,1.0,0.8509945047226048,0.6749203773791967,72,No-Inconsistency,LANL-auth-flows
103,0.9019607843137255,1.0,1.0,0.8343615103971,0.732366143127003,102,No-Inconsistency,GOAD-sample
62,0.8688524590163934,1.0,1.0,0.8360235209751227,0.6840099430150299,61,No-Inconsistency,GOAD-sample
93,0.8695652173913043,1.0,1.0,0.8365032032405126,0.7245731931348374,92,No-Inconsistency,GOAD-sample
66,0.9384615384615385,0.0,1.0,0.8490138383236356,0.7065956168284736,65,No-Inconsistency,GOAD-sample
77,0.9210526315789473,1.0,1.0,0.8396098947723991,0.7057460972486501,76,No-Inconsistency,GOAD-sample
79,0.9615384615384616,1.0,1.0,0.8425550041622442,0.7199532160619462,78,No-Inconsistency,GOAD-sample
68,0.9104477611940298,0.0,1.0,0.8428148066537178,0.6900108977154609,67,No-Inconsistency,GOAD-sample
121,0.9166666666666666,0.0,1.0,0.837815483190191,0.7677928378727914,120,No-Inconsistency,GOAD-sample
85,0.9523809523809523,0.0,1.0,0.8413727732696193,0.7234105635182284,84,No-Inconsistency,GOAD-sample
74,0.821917808219178,0.0,1.0,0.8391300099582217,0.7056909584253488,73,No-Inconsistency,GOAD-sample
88,0.8045977011494253,0.0,1.0,0.8346935356168241,0.7031934351631881,87,No-Inconsistency,GOAD-sample
118,0.8888888888888888,1.0,1.0,0.8310343120273855,0.7285533546467875,117,No-Inconsistency,GOAD-sample
72,0.9295774647887324,0.0,1.0,0.8390084634700388,0.680505398703914,71,No-Inconsistency,GOAD-sample
90,0.8764044943820225,0.0,1.0,0.841019721710311,0.7316720497153995,89,No-Inconsistency,GOAD-sample
71,0.8428571428571429,0.0,1.0,0.8398582213354014,0.6837197560074841,70,No-Inconsistency,GOAD-sample
65,0.828125,0.0,1.0,0.8382569403370408,0.6801604598352863,64,No-Inconsistency,GOAD-sample
88,0.9195402298850575,0.0,1.0,0.8356756945479592,0.7351929271716952,87,No-Inconsistency,GOAD-sample
108,0.8878504672897196,0.0,1.0,0.8346810820030358,0.7420730355386416,107,No-Inconsistency,GOAD-sample
76,0.88,0.0,1.0,0.838885244005356,0.703440457774877,75,No-Inconsistency,GOAD-sample
103,0.8725490196078431,1.0,1.0,0.8378603755826968,0.7347217996296751,102,No-Inconsistency,GOAD-sample
54,0.5585585585585585,1.0,1.0,0.5396721749972228,0.7394475050192579,111,Single-Layer,openworlds-ad-trajectories
44,0.5411764705882353,1.0,1.0,0.5528428022859525,0.7245718909051742,85,Single-Layer,openworlds-ad-trajectories
44,0.6320754716981132,1.0,1.0,0.5332899458745296,0.7860295477126559,106,Single-Layer,openworlds-ad-trajectories
42,0.5728155339805825,1.0,1.0,0.5441204510315418,0.7484545913953426,103,Single-Layer,openworlds-ad-trajectories
48,0.5737704918032787,1.0,1.0,0.5521388981786616,0.6906630134943916,61,Single-Layer,openworlds-ad-trajectories
49,0.5737704918032787,1.0,1.0,0.5435565883564252,0.671461870984686,61,Single-Layer,openworlds-ad-trajectories
47,0.6271186440677966,1.0,1.0,0.570097523866404,0.6602780531344017,59,Single-Layer,openworlds-ad-trajectories
46,0.6132075471698113,1.0,1.0,0.5432451465172365,0.7317730112287841,106,Single-Layer,openworlds-ad-trajectories
47,0.543859649122807,1.0,1.0,0.5464613470281422,0.6734717087154263,57,Single-Layer,openworlds-ad-trajectories
48,0.5858585858585859,1.0,1.0,0.547797069336864,0.7258838694673835,99,Single-Layer,openworlds-ad-trajectories
46,0.6019417475728155,0.0,1.0,0.5430721863012157,0.7283762373024532,103,Single-Layer,openworlds-ad-trajectories
47,0.5324675324675324,1.0,1.0,0.5417037777646142,0.7035223939144702,77,Single-Layer,openworlds-ad-trajectories
47,0.5535714285714286,1.0,1.0,0.5523664120460416,0.6713751925168404,56,Single-Layer,openworlds-ad-trajectories
49,0.5853658536585366,1.0,1.0,0.5378145395942527,0.7355064234186772,82,Single-Layer,openworlds-ad-trajectories
48,0.5084745762711864,1.0,1.0,0.5392445286625677,0.6679023532481811,59,Single-Layer,openworlds-ad-trajectories
45,0.6521739130434783,1.0,1.0,0.5566423277045142,0.7318471645453897,92,Single-Layer,openworlds-ad-trajectories
48,0.603448275862069,1.0,1.0,0.5522504982081536,0.6642590470220568,58,Single-Layer,openworlds-ad-trajectories
46,0.5689655172413793,1.0,1.0,0.5488191669708857,0.6678479219759721,58,Single-Layer,openworlds-ad-trajectories
47,0.6060606060606061,1.0,1.0,0.5619518233108053,0.6837691597935719,66,Single-Layer,openworlds-ad-trajectories
48,0.5978260869565217,1.0,1.0,0.5608328021167672,0.7182000317356568,92,Single-Layer,openworlds-ad-trajectories
48,0.5360824742268041,1.0,1.0,0.5380328238805536,0.7233991592675032,97,Single-Layer,Nemesis-Cyber-Pack
44,0.5925925925925926,1.0,1.0,0.5507689139293885,0.7158304046277613,81,Single-Layer,Nemesis-Cyber-Pack
44,0.6379310344827587,1.0,1.0,0.529600950761088,0.6565464890966567,58,Single-Layer,Nemesis-Cyber-Pack
42,0.6120689655172413,1.0,1.0,0.5480660125535824,0.7406700812902687,116,Single-Layer,Nemesis-Cyber-Pack
47,0.582089552238806,1.0,1.0,0.5541402826055466,0.6973493941981875,67,Single-Layer,Nemesis-Cyber-Pack
42,0.5945945945945946,1.0,1.0,0.5462921651943717,0.7408174405811314,111,Single-Layer,Nemesis-Cyber-Pack
49,0.6166666666666667,1.0,1.0,0.568976344406953,0.677966271308913,60,Single-Layer,Nemesis-Cyber-Pack
53,0.725,1.0,1.0,0.5470521292221047,0.7052969146369958,80,Single-Layer,Nemesis-Cyber-Pack
48,0.5916666666666667,0.0,1.0,0.550213339195676,0.7509876363887318,120,Single-Layer,Nemesis-Cyber-Pack
47,0.6865671641791045,1.0,1.0,0.5483843115122,0.6927798593934342,67,Single-Layer,Nemesis-Cyber-Pack
45,0.5974025974025974,1.0,1.0,0.5496911113256288,0.7091501035507913,77,Single-Layer,Nemesis-Cyber-Pack
46,0.6206896551724138,1.0,1.0,0.5450438069922994,0.7156251602079913,87,Single-Layer,Nemesis-Cyber-Pack
49,0.625,1.0,1.0,0.5523664120460416,0.6659561803328918,56,Single-Layer,Nemesis-Cyber-Pack
47,0.5670103092783505,1.0,1.0,0.5368646023615653,0.7226504543574843,97,Single-Layer,Nemesis-Cyber-Pack
49,0.5606060606060606,0.0,1.0,0.5334652686193041,0.6811450191288193,66,Single-Layer,Nemesis-Cyber-Pack
46,0.5833333333333334,1.0,1.0,0.5608428332682642,0.766131012871522,120,Single-Layer,Nemesis-Cyber-Pack
47,0.6732673267326733,1.0,1.0,0.5591258578747947,0.7441769127652879,101,Single-Layer,Nemesis-Cyber-Pack
44,0.6571428571428571,1.0,1.0,0.5467400074971898,0.7137102147925338,105,Single-Layer,Nemesis-Cyber-Pack
50,0.6237623762376238,1.0,1.0,0.5522334317236741,0.740459488647478,101,Single-Layer,Nemesis-Cyber-Pack
47,0.5540540540540541,1.0,1.0,0.5583120479561515,0.7024351126004134,74,Single-Layer,Nemesis-Cyber-Pack
55,0.5384615384615384,1.0,1.0,0.5449763617310772,0.6882725822703086,65,Single-Layer,LANL-auth-flows
44,0.625,1.0,1.0,0.5582973382964838,0.7753899974643825,120,Single-Layer,LANL-auth-flows
44,0.6024096385542169,1.0,1.0,0.5346487435128152,0.7170922207623488,83,Single-Layer,LANL-auth-flows
42,0.6126126126126126,1.0,1.0,0.5465731243617155,0.7684432467237053,111,Single-Layer,LANL-auth-flows
47,0.5942028985507246,1.0,1.0,0.5543073743591512,0.6862699308070477,69,Single-Layer,LANL-auth-flows
39,0.5794392523364486,1.0,1.0,0.5456215296650786,0.7346499059205627,107,Single-Layer,LANL-auth-flows
52,0.6310679611650486,1.0,1.0,0.5569799436678274,0.7524344219495249,103,Single-Layer,LANL-auth-flows
45,0.543859649122807,1.0,1.0,0.5525828348555918,0.6740458774695489,57,Single-Layer,LANL-auth-flows
49,0.5794392523364486,1.0,1.0,0.5496546608162505,0.7453128606888739,107,Single-Layer,LANL-auth-flows
47,0.5543478260869565,1.0,1.0,0.5487920067689744,0.7298980497788847,92,Single-Layer,LANL-auth-flows
42,0.5466666666666666,1.0,1.0,0.5477160145887398,0.7334079138805334,75,Single-Layer,LANL-auth-flows
50,0.5245901639344263,1.0,1.0,0.5444083203366895,0.6801495082621558,61,Single-Layer,LANL-auth-flows
47,0.6216216216216216,1.0,1.0,0.5587856615041179,0.6855013391995675,74,Single-Layer,LANL-auth-flows
48,0.6120689655172413,1.0,1.0,0.5377962364427931,0.7573640994364953,116,Single-Layer,LANL-auth-flows
50,0.5945945945945946,1.0,1.0,0.5454994717372323,0.7286817733708173,111,Single-Layer,LANL-auth-flows
45,0.55,1.0,1.0,0.5615008638169835,0.7641339001421968,120,Single-Layer,LANL-auth-flows
47,0.5714285714285714,1.0,1.0,0.5587289672556146,0.7262059236031655,98,Single-Layer,LANL-auth-flows
44,0.5172413793103449,1.0,1.0,0.5457849399244845,0.698497305636236,87,Single-Layer,LANL-auth-flows
47,0.546875,1.0,1.0,0.558819747392974,0.6755447887086201,64,Single-Layer,LANL-auth-flows
48,0.5972222222222222,1.0,1.0,0.5558838639890396,0.7534288248814275,72,Single-Layer,LANL-auth-flows
48,0.5686274509803921,1.0,1.0,0.5373780622048009,0.7319747631323655,102,Single-Layer,GOAD-sample
44,0.5737704918032787,1.0,1.0,0.5545682939703606,0.686131112003258,61,Single-Layer,GOAD-sample
44,0.5978260869565217,1.0,1.0,0.5345117876922891,0.7209481415530765,92,Single-Layer,GOAD-sample
42,0.5230769230769231,0.0,1.0,0.543498337350055,0.7285255760391414,65,Single-Layer,GOAD-sample
47,0.6052631578947368,1.0,1.0,0.5537446324097368,0.680533615633715,76,Single-Layer,GOAD-sample
41,0.5641025641025641,1.0,1.0,0.5521293795147753,0.6819444376306982,78,Single-Layer,GOAD-sample
47,0.5970149253731343,0.0,1.0,0.5649885810465788,0.6768259444279044,67,Single-Layer,GOAD-sample
46,0.5916666666666667,0.0,1.0,0.5408745626759165,0.7460112569660712,120,Single-Layer,GOAD-sample
46,0.5476190476190477,0.0,1.0,0.5524138215998514,0.7135817354424794,84,Single-Layer,GOAD-sample
48,0.6027397260273972,0.0,1.0,0.5501495227075093,0.7057195965255764,73,Single-Layer,GOAD-sample
42,0.5862068965517241,0.0,1.0,0.5449035691646577,0.7116002877239747,87,Single-Layer,GOAD-sample
48,0.5982905982905983,1.0,1.0,0.5511380226918178,0.7470460807003436,117,Single-Layer,GOAD-sample
49,0.647887323943662,0.0,1.0,0.5571796397413291,0.713461497036565,71,Single-Layer,GOAD-sample
47,0.6292134831460674,0.0,1.0,0.5363258272052603,0.7256999946119966,89,Single-Layer,GOAD-sample
47,0.5,0.0,1.0,0.5389948652393914,0.6949975073636925,70,Single-Layer,GOAD-sample
48,0.59375,0.0,1.0,0.551271328800153,0.682354069069953,64,Single-Layer,GOAD-sample
40,0.4827586206896552,0.0,1.0,0.5535785245217635,0.7129404231997901,87,Single-Layer,GOAD-sample
51,0.6355140186915887,0.0,1.0,0.5468373605668592,0.7417003361764907,107,Single-Layer,GOAD-sample
53,0.5333333333333333,0.0,1.0,0.5586124961293855,0.7223613289903702,75,Single-Layer,GOAD-sample
44,0.5980392156862745,1.0,1.0,0.5601468339113058,0.7210477484500227,102,Single-Layer,GOAD-sample
9,0.9009009009009009,1.0,1.0,0.8375148830259451,0.7433114675255585,111,Static Threshold,openworlds-ad-trajectories
10,0.8941176470588236,1.0,1.0,0.8411351980721279,0.7216662974980811,85,Static Threshold,openworlds-ad-trajectories
10,0.839622641509434,1.0,1.0,0.8441329342346126,0.758284353256169,106,Static Threshold,openworlds-ad-trajectories
12,0.8737864077669902,1.0,1.0,0.8430217322872456,0.7707285350954708,103,Static Threshold,openworlds-ad-trajectories
11,0.9016393442622951,1.0,1.0,0.8397933084262525,0.6757003304332423,61,Static Threshold,openworlds-ad-trajectories
10,0.8852459016393442,1.0,1.0,0.8447942652285217,0.6851914119715552,61,Static Threshold,openworlds-ad-trajectories
11,0.9491525423728814,1.0,1.0,0.8447757373210864,0.6587117608862636,59,Static Threshold,openworlds-ad-trajectories
11,0.9150943396226415,1.0,1.0,0.8416668351976001,0.7359072326121596,106,Static Threshold,openworlds-ad-trajectories
10,0.8947368421052632,1.0,1.0,0.8445580136614247,0.6723659346109978,57,Static Threshold,openworlds-ad-trajectories
9,0.9393939393939394,1.0,1.0,0.8430387245438046,0.7346186035453414,99,Static Threshold,openworlds-ad-trajectories
11,0.9223300970873787,0.0,1.0,0.8411309411079112,0.7213990859662669,103,Static Threshold,openworlds-ad-trajectories
9,0.922077922077922,1.0,1.0,0.8358385792617574,0.7035907844168849,77,Static Threshold,openworlds-ad-trajectories
9,0.8571428571428571,1.0,1.0,0.8363515085665743,0.683638158183945,56,Static Threshold,openworlds-ad-trajectories
11,0.8536585365853658,1.0,1.0,0.8411802526191642,0.721189783282035,82,Static Threshold,openworlds-ad-trajectories
11,0.9322033898305084,1.0,1.0,0.8386901277310966,0.6826568175505199,59,Static Threshold,openworlds-ad-trajectories
10,0.8260869565217391,1.0,1.0,0.838682663697986,0.7230473261392267,92,Static Threshold,openworlds-ad-trajectories
10,0.9137931034482759,1.0,1.0,0.8402858861242882,0.6656095177742601,58,Static Threshold,openworlds-ad-trajectories
10,0.8793103448275862,1.0,1.0,0.8411684752204294,0.653382515084532,58,Static Threshold,openworlds-ad-trajectories
9,0.8939393939393939,1.0,1.0,0.843365347045115,0.6807854923702792,66,Static Threshold,openworlds-ad-trajectories
9,0.9021739130434783,1.0,1.0,0.8305412600797041,0.7088907400568413,92,Static Threshold,openworlds-ad-trajectories
10,0.8762886597938144,1.0,1.0,0.8421313857635461,0.7108996877295632,97,Static Threshold,Nemesis-Cyber-Pack
10,0.9382716049382716,1.0,1.0,0.8419043670377114,0.7391161114811743,81,Static Threshold,Nemesis-Cyber-Pack
10,0.9137931034482759,1.0,1.0,0.8509608343840958,0.6683084926088607,58,Static Threshold,Nemesis-Cyber-Pack
12,0.8793103448275862,1.0,1.0,0.8372162728910199,0.7561407063302392,116,Static Threshold,Nemesis-Cyber-Pack
11,0.8805970149253731,1.0,1.0,0.8425101773809921,0.6919408344969941,67,Static Threshold,Nemesis-Cyber-Pack
10,0.8648648648648649,1.0,1.0,0.8459334462727968,0.7465805270567292,111,Static Threshold,Nemesis-Cyber-Pack
11,0.9,1.0,1.0,0.8458501615407334,0.679183045384135,60,Static Threshold,Nemesis-Cyber-Pack
11,0.9125,1.0,1.0,0.8387077872855979,0.7111521445129468,80,Static Threshold,Nemesis-Cyber-Pack
10,0.8833333333333333,0.0,1.0,0.8424633672912916,0.7639684941939046,120,Static Threshold,Nemesis-Cyber-Pack
10,0.8805970149253731,1.0,1.0,0.8363178997409227,0.6613219095884677,67,Static Threshold,Nemesis-Cyber-Pack
11,0.961038961038961,1.0,1.0,0.8433834867242503,0.7185695614337031,77,Static Threshold,Nemesis-Cyber-Pack
9,0.9310344827586207,1.0,1.0,0.8385567139685081,0.7220532720473637,87,Static Threshold,Nemesis-Cyber-Pack
10,0.9464285714285714,1.0,1.0,0.841283736941766,0.6803269319254954,56,Static Threshold,Nemesis-Cyber-Pack
11,0.9381443298969072,1.0,1.0,0.8431227156366634,0.7516186297777208,97,Static Threshold,Nemesis-Cyber-Pack
11,0.8333333333333334,0.0,1.0,0.8401117727677787,0.6760963595593519,66,Static Threshold,Nemesis-Cyber-Pack
10,0.9416666666666667,1.0,1.0,0.8400821193765612,0.7768321042187661,120,Static Threshold,Nemesis-Cyber-Pack
10,0.8910891089108911,1.0,1.0,0.8440124026592472,0.7528332084208544,101,Static Threshold,Nemesis-Cyber-Pack
10,0.8952380952380953,1.0,1.0,0.8433243174321636,0.7568022164921838,105,Static Threshold,Nemesis-Cyber-Pack
9,0.8811881188118812,1.0,1.0,0.8411694545621407,0.7429991079070963,101,Static Threshold,Nemesis-Cyber-Pack
9,0.9459459459459459,1.0,1.0,0.83251854286316,0.6882150887594547,74,Static Threshold,Nemesis-Cyber-Pack
10,0.8923076923076924,1.0,1.0,0.8307635136188795,0.684784130642712,65,Static Threshold,LANL-auth-flows
10,0.8583333333333333,1.0,1.0,0.8500836121376755,0.7724769152217709,120,Static Threshold,LANL-auth-flows
10,0.8554216867469879,1.0,1.0,0.8401847459927447,0.7139894289337434,83,Static Threshold,LANL-auth-flows
12,0.8288288288288288,1.0,1.0,0.8387437297357637,0.7444858588452548,111,Static Threshold,LANL-auth-flows
11,0.927536231884058,1.0,1.0,0.8400122037410124,0.7093686547628253,69,Static Threshold,LANL-auth-flows
10,0.9065420560747663,1.0,1.0,0.8416498993056921,0.7389294485109041,107,Static Threshold,LANL-auth-flows
11,0.8543689320388349,1.0,1.0,0.8377189715173894,0.7536076019855644,103,Static Threshold,LANL-auth-flows
11,0.9122807017543859,1.0,1.0,0.8480124060008456,0.67935338418847,57,Static Threshold,LANL-auth-flows
10,0.8598130841121495,1.0,1.0,0.840675941138411,0.7340640081357436,107,Static Threshold,LANL-auth-flows
9,0.8804347826086957,1.0,1.0,0.8379434825274761,0.7494160351200312,92,Static Threshold,LANL-auth-flows
11,0.8933333333333333,1.0,1.0,0.8419555084176793,0.7044529393738632,75,Static Threshold,LANL-auth-flows
9,0.9344262295081968,1.0,1.0,0.8457132335583443,0.6687444056191679,61,Static Threshold,LANL-auth-flows
10,0.918918918918919,1.0,1.0,0.8366795378366134,0.6724974697903476,74,Static Threshold,LANL-auth-flows
11,0.8620689655172413,1.0,1.0,0.8381961008921606,0.7744214010240844,116,Static Threshold,LANL-auth-flows
11,0.8378378378378378,1.0,1.0,0.8414205760008071,0.7357646943171088,111,Static Threshold,LANL-auth-flows
10,0.9,1.0,1.0,0.8402580142169339,0.7723985444997611,120,Static Threshold,LANL-auth-flows
10,0.8673469387755102,1.0,1.0,0.8392648759421961,0.7261372730976234,98,Static Threshold,LANL-auth-flows
10,0.8275862068965517,1.0,1.0,0.8327594021520272,0.7198021680463005,87,Static Threshold,LANL-auth-flows
9,0.890625,1.0,1.0,0.844467835897797,0.6638528534966646,64,Static Threshold,LANL-auth-flows
9,0.8055555555555556,1.0,1.0,0.8412804481712057,0.6882201476486749,72,Static Threshold,LANL-auth-flows
10,0.8823529411764706,1.0,1.0,0.8326289038683098,0.732313420393339,102,Static Threshold,GOAD-sample
10,0.8852459016393442,1.0,1.0,0.8361201393990761,0.6888592546739036,61,Static Threshold,GOAD-sample
10,0.8478260869565217,1.0,1.0,0.8352473496850936,0.7312640704277941,92,Static Threshold,GOAD-sample
12,0.8923076923076924,0.0,1.0,0.8408395439264744,0.6643797067636467,65,Static Threshold,GOAD-sample
11,0.8947368421052632,1.0,1.0,0.8364926832377835,0.6993291685558164,76,Static Threshold,GOAD-sample
11,0.782051282051282,1.0,1.0,0.8385764312801027,0.720095882776538,78,Static Threshold,GOAD-sample
12,0.8208955223880597,0.0,1.0,0.8429676335528616,0.6887850317181545,67,Static Threshold,GOAD-sample
11,0.9,0.0,1.0,0.8393991396774318,0.7630844047665593,120,Static Threshold,GOAD-sample
10,0.8809523809523809,0.0,1.0,0.8414747604352061,0.75500065848807,84,Static Threshold,GOAD-sample
9,0.9178082191780822,0.0,1.0,0.8386651535005849,0.6873260247612046,73,Static Threshold,GOAD-sample
11,0.9540229885057471,0.0,1.0,0.8419059887098458,0.7288515943056377,87,Static Threshold,GOAD-sample
9,0.8632478632478633,1.0,1.0,0.8308668884069762,0.7516362378717495,117,Static Threshold,GOAD-sample
9,0.9295774647887324,0.0,1.0,0.8329152694012014,0.6909363194069505,71,Static Threshold,GOAD-sample
11,0.9101123595505618,0.0,1.0,0.8360534002928721,0.7331855877183716,89,Static Threshold,GOAD-sample
11,0.9285714285714286,0.0,1.0,0.8370144942591028,0.687399837566548,70,Static Threshold,GOAD-sample
10,0.859375,0.0,1.0,0.8379635354777978,0.6581045332833391,64,Static Threshold,GOAD-sample
10,0.8620689655172413,0.0,1.0,0.832234279747496,0.7312681837918162,87,Static Threshold,GOAD-sample
10,0.8878504672897196,0.0,1.0,0.8331746358757964,0.7340897218249465,107,Static Threshold,GOAD-sample
9,0.9066666666666666,0.0,1.0,0.8439516407780177,0.6921105592210246,75,Static Threshold,GOAD-sample
9,0.8725490196078431,1.0,1.0,0.8301436165994069,0.7365133469820695,102,Static Threshold,GOAD-sample
