vs,TTD_W,TTD_p,TTD_p_Bonf,TTD_rbc,TCAR_W,TCAR_p,TCAR_p_Bonf,TCAR_rbc
Static multi-layer honeynet,0,3.90E-15,3.51E-14,-1,537.5,0.99994847,1,-0.35
Reactive stage-aware,3234.5,1,1,0.95,2214.5,2.17E-07,1.95E-06,0.55
Local artefact generation,0,3.90E-15,3.51E-14,-1,3240,3.92E-15,3.53E-14,1
Non-belief adaptive allocation,0,3.90E-15,3.51E-14,-1,3240,3.92E-15,3.53E-14,1
No-Belief,0,3.90E-15,3.51E-14,-1,735,0.999780312,1,-0.325
No-Consistency,841.5,0.000633033,0.005697301,-0.325,3240,3.92E-15,3.53E-14,1
No-Inconsistency,0,3.90E-15,3.51E-14,-1,1000.5,0.944088122,1,-0.2125
Single-Layer,1115.5,0.035700734,0.321306608,-0.125,3240,3.92E-15,3.53E-14,1
Static Threshold,3240,1,1,1,916,0.918195031,1,-0.1375
